Date,Journey_ID,Transport_Mode,Origin_Station,Destination_Station,Tap_In_Time,Tap_Out_Time,Journey_Cost,Delay_Minutes,Origin_Borough,Destination_Borough,Journey_Duration
2024-09-21,TFL-J-422610,Tube,Stratford,Liverpool Street,2024-09-21 12:03:00,2024-09-21 12:24:00,3.97,0,Newham,City of London,21.0
2024-02-14,TFL-J-228818,Bus,Paddington,Stratford,2024-02-14 09:11:00,2024-02-14 10:02:00,1.75,20,Westminster,Newham,51.0
2024-08-25,TFL-J-723520,Tube,Euston,Paddington,2024-08-25 08:03:00,2024-08-25 08:05:00,9.4,14,Camden,Westminster,2.0
2024-02-15,TFL-J-695985,Overground,Paddington,Victoria,2024-02-15 21:24:00,2024-02-15 22:05:00,2.81,2,Westminster,Westminster,41.0
2024-11-03,TFL-J-175457,Tube,Euston,Stratford,2024-11-03 07:12:00,2024-11-03 07:36:00,2.98,3,Camden,Newham,24.0
2024-08-25,TFL-J-961534,Tube,Euston,Kings Cross,2024-08-25 17:10:00,2024-08-25 17:57:00,2.86,3,Camden,Camden,47.0
2024-06-04,TFL-J-850930,Tube,Kings Cross,Euston,2024-06-04 13:56:00,2024-06-04 14:16:00,2.83,2,Camden,Camden,20.0
2024-10-15,TFL-J-975541,Bus,Kings Cross,Bank,2024-10-15 07:12:00,2024-10-15 07:57:00,1.75,7,Camden,City of London,45.0
2024-07-11,TFL-J-752188,Tube,Euston,Bank,2024-07-11 07:36:00,2024-07-11 08:32:00,3.41,40,Camden,City of London,56.0
2024-08-12,TFL-J-537466,Bus,Victoria,Kings Cross,2024-08-12 18:09:00,2024-08-12 18:42:00,1.75,3,Westminster,Camden,33.0
2024-04-26,TFL-J-588875,Tube,Liverpool Street,London Bridge,2024-04-26 23:26:00,2024-04-26 23:47:00,5.09,0,City of London,Southwark,21.0
2024-02-24,TFL-J-327282,Tube,London Bridge,Liverpool Street,2024-02-24 17:52:00,2024-02-24 18:40:00,5.49,3,Southwark,City of London,48.0
2024-08-20,TFL-J-686066,Tube,Waterloo,Kings Cross,2024-08-20 08:09:00,2024-08-20 08:17:00,9.4,18,Lambeth,Camden,8.0
2024-05-11,TFL-J-464801,Overground,Stratford,London Bridge,2024-05-11 16:57:00,2024-05-11 17:46:00,3.93,26,Newham,Southwark,49.0
2024-07-08,TFL-J-876626,Overground,Liverpool Street,Stratford,2024-07-08 13:40:00,2024-07-08 14:09:00,4.3,3,City of London,Newham,29.0
2024-06-24,TFL-J-326207,Overground,Canary Wharf,Euston,2024-06-24 12:35:00,2024-06-24 13:03:00,3.11,9,Tower Hamlets,Camden,28.0
2024-10-12,TFL-J-895074,Tube,Bank,Victoria,2024-10-12 18:15:00,2024-10-12 18:56:00,4.5,13,City of London,Westminster,41.0
2024-03-21,TFL-J-859248,Bus,Euston,Stratford,2024-03-21 11:43:00,2024-03-21 11:51:00,9.4,2,Camden,Newham,8.0
2024-07-05,TFL-J-551978,Tube,Bank,Victoria,2024-07-05 07:55:00,2024-07-05 08:01:00,9.4,18,City of London,Westminster,6.0
2024-01-17,TFL-J-606779,Tube,Canary Wharf,Euston,2024-01-17 23:39:00,2024-01-17 23:57:00,3.02,1,Tower Hamlets,Camden,18.0
2024-05-01,TFL-J-888630,Tube,Euston,Paddington,2024-05-01 07:06:00,2024-05-01 07:57:00,4.02,18,Camden,Westminster,51.0
2024-04-10,TFL-J-524190,Bus,Waterloo,Paddington,2024-04-10 17:46:00,2024-04-10 18:41:00,1.75,38,Lambeth,Westminster,55.0
2024-09-21,TFL-J-968814,Overground,Waterloo,Victoria,2024-09-21 09:23:00,2024-09-21 10:02:00,4.34,14,Lambeth,Westminster,39.0
2024-09-11,TFL-J-597673,Tube,Kings Cross,Bank,2024-09-11 08:58:00,2024-09-11 10:00:00,4.99,18,Camden,City of London,62.0
2024-10-21,TFL-J-190844,Tube,Victoria,Liverpool Street,2024-10-21 18:37:00,2024-10-21 19:29:00,3.6,10,Westminster,City of London,52.0
2024-11-21,TFL-J-109683,Bus,London Bridge,Paddington,2024-11-21 09:34:00,2024-11-21 10:14:00,1.75,2,Southwark,Westminster,40.0
2024-10-06,TFL-J-534879,Tube,London Bridge,Liverpool Street,2024-10-06 09:51:00,2024-10-06 10:19:00,2.82,6,Southwark,City of London,28.0
2024-08-29,TFL-J-661846,Bus,Bank,Stratford,2024-08-29 07:09:00,2024-08-29 07:51:00,1.75,3,City of London,Newham,42.0
2024-02-05,TFL-J-455433,Tube,Paddington,Stratford,2024-02-05 09:03:00,2024-02-05 09:24:00,4.02,1,Westminster,Newham,21.0
2024-01-16,TFL-J-292207,Tube,Paddington,Kings Cross,2024-01-16 10:36:00,2024-01-16 11:00:00,5.2,1,Westminster,Camden,24.0
2024-05-26,TFL-J-765103,Tube,Bank,Stratford,2024-05-26 07:02:00,2024-05-26 07:38:00,3.99,11,City of London,Newham,36.0
2024-08-09,TFL-J-223610,Bus,Victoria,Stratford,2024-08-09 16:50:00,2024-08-09 17:29:00,1.75,3,Westminster,Newham,39.0
2024-05-25,TFL-J-573066,Tube,Victoria,Waterloo,2024-05-25 16:33:00,2024-05-25 17:08:00,4.15,9,Westminster,Lambeth,35.0
2024-04-03,TFL-J-147425,Tube,Stratford,Victoria,2024-04-03 14:51:00,2024-04-03 15:08:00,3.33,2,Newham,Westminster,17.0
2024-07-08,TFL-J-807126,Bus,London Bridge,Bank,2024-07-08 14:28:00,2024-07-08 15:03:00,5.14,1,Southwark,City of London,35.0
2024-03-17,TFL-J-157765,Tube,Canary Wharf,Euston,2024-03-17 09:06:00,2024-03-17 09:40:00,5.14,1,Tower Hamlets,Camden,34.0
2024-10-18,TFL-J-730344,Tube,Euston,Stratford,2024-10-18 14:24:00,2024-10-18 14:50:00,5.44,2,Camden,Newham,26.0
2024-08-09,TFL-J-411066,Tube,Kings Cross,Canary Wharf,2024-08-09 19:21:00,2024-08-09 19:54:00,4.0,1,Camden,Tower Hamlets,33.0
2024-08-16,TFL-J-418989,Bus,Kings Cross,Waterloo,2024-08-16 17:03:00,2024-08-16 17:54:00,1.75,21,Camden,Lambeth,51.0
2024-05-07,TFL-J-225541,Bus,Bank,Canary Wharf,2024-05-07 07:32:00,2024-05-07 08:17:00,1.75,23,City of London,Tower Hamlets,45.0
2024-09-17,TFL-J-659154,Overground,Waterloo,Paddington,2024-09-17 18:54:00,2024-09-17 19:50:00,3.19,13,Lambeth,Westminster,56.0
2024-02-25,TFL-J-904536,Tube,Paddington,Victoria,2024-02-25 22:44:00,2024-02-25 23:09:00,4.39,4,Westminster,Westminster,25.0
2024-04-17,TFL-J-272687,Tube,Stratford,Paddington,2024-04-17 08:43:00,2024-04-17 09:17:00,3.19,8,Newham,Westminster,34.0
2024-05-29,TFL-J-232684,Tube,Victoria,Paddington,2024-05-29 17:01:00,2024-05-29 17:39:00,3.88,8,Westminster,Westminster,38.0
2024-10-04,TFL-J-563168,Bus,Canary Wharf,Kings Cross,2024-10-04 09:36:00,2024-10-04 10:24:00,1.75,6,Tower Hamlets,Camden,48.0
2024-11-11,TFL-J-829529,Tube,Stratford,London Bridge,2024-11-11 17:07:00,2024-11-11 18:01:00,3.72,17,Newham,Southwark,54.0
2024-03-11,TFL-J-429403,Tube,Bank,Stratford,2024-03-11 10:52:00,2024-03-11 11:33:00,3.09,3,City of London,Newham,41.0
2024-06-12,TFL-J-969616,Bus,Kings Cross,Liverpool Street,2024-06-12 18:39:00,2024-06-12 19:30:00,1.75,6,Camden,City of London,51.0
2024-12-25,TFL-J-458204,Tube,Stratford,Canary Wharf,2024-12-25 18:54:00,2024-12-25 19:24:00,3.68,1,Newham,Tower Hamlets,30.0
2024-11-21,TFL-J-300524,Tube,Paddington,Victoria,2024-11-21 07:11:00,2024-11-21 07:50:00,5.44,24,Westminster,Westminster,39.0
2024-09-19,TFL-J-108080,Bus,Liverpool Street,Paddington,2024-09-19 17:57:00,2024-09-19 18:40:00,1.75,8,City of London,Westminster,43.0
2024-02-21,TFL-J-273106,Tube,Canary Wharf,Euston,2024-02-21 08:47:00,2024-02-21 09:11:00,4.12,1,Tower Hamlets,Camden,24.0
2024-04-19,TFL-J-303451,Tube,Victoria,London Bridge,2024-04-19 14:48:00,2024-04-19 15:27:00,10.57,10,Westminster,Southwark,39.0
2024-08-07,TFL-J-679547,Bus,Bank,Victoria,2024-08-07 17:00:00,2024-08-07 17:30:00,1.75,0,City of London,Westminster,30.0
2024-05-26,TFL-J-136880,Tube,Paddington,Canary Wharf,2024-05-26 07:51:00,2024-05-26 08:15:00,3.08,6,Westminster,Tower Hamlets,24.0
2024-08-12,TFL-J-237183,Bus,Waterloo,London Bridge,2024-08-12 10:22:00,2024-08-12 10:50:00,1.75,6,Lambeth,Southwark,28.0
2024-01-13,TFL-J-625186,Tube,Liverpool Street,Bank,2024-01-13 09:18:00,2024-01-13 10:11:00,5.04,19,City of London,City of London,53.0
2024-02-14,TFL-J-192881,Tube,Waterloo,Bank,2024-02-14 08:43:00,2024-02-14 09:25:00,4.95,3,Lambeth,City of London,42.0
2024-06-02,TFL-J-868218,Bus,Canary Wharf,Euston,2024-06-02 17:42:00,2024-06-02 18:06:00,1.75,8,Tower Hamlets,Camden,24.0
2024-09-07,TFL-J-153721,Bus,Victoria,Kings Cross,2024-09-07 08:53:00,2024-09-07 09:11:00,1.75,1,Westminster,Camden,18.0
2024-08-22,TFL-J-513550,Tube,Waterloo,Bank,2024-08-22 08:39:00,2024-08-22 09:14:00,4.91,6,Lambeth,City of London,35.0
2024-09-13,TFL-J-954689,Bus,Paddington,Waterloo,2024-09-13 09:11:00,2024-09-13 09:51:00,1.75,3,Westminster,Lambeth,40.0
2024-09-13,TFL-J-336109,Tube,London Bridge,Liverpool Street,2024-09-13 18:15:00,2024-09-13 18:52:00,3.96,8,Southwark,City of London,37.0
2024-06-25,TFL-J-176954,Tube,Kings Cross,Paddington,2024-06-25 23:32:00,2024-06-26 00:03:00,2.9,2,Camden,Westminster,31.0
2024-12-16,TFL-J-239947,Tube,Euston,Liverpool Street,2024-12-16 15:55:00,2024-12-16 16:35:00,3.73,1,Camden,City of London,40.0
2024-01-03,TFL-J-228566,Tube,Canary Wharf,Euston,2024-01-03 17:24:00,2024-01-03 18:31:00,4.95,33,Tower Hamlets,Camden,67.0
2024-04-25,TFL-J-640202,Tube,Victoria,Kings Cross,2024-04-25 17:17:00,2024-04-25 18:15:00,5.29,38,Westminster,Camden,58.0
2024-10-18,TFL-J-735805,Tube,Kings Cross,Waterloo,2024-10-18 09:17:00,2024-10-18 09:56:00,2.92,0,Camden,Lambeth,39.0
2024-12-29,TFL-J-986026,Bus,Canary Wharf,Waterloo,2024-12-29 23:32:00,2024-12-29 23:50:00,1.75,1,Tower Hamlets,Lambeth,18.0
2024-05-31,TFL-J-533810,Tube,Kings Cross,Paddington,2024-05-31 16:43:00,2024-05-31 17:30:00,4.06,30,Camden,Westminster,47.0
2024-03-05,TFL-J-499450,Bus,Kings Cross,Paddington,2024-03-05 11:22:00,2024-03-05 11:28:00,9.4,6,Camden,Westminster,6.0
2024-02-11,TFL-J-679939,Overground,Liverpool Street,Victoria,2024-02-11 16:18:00,2024-02-11 17:11:00,4.23,19,City of London,Westminster,53.0
2024-07-05,TFL-J-596681,Overground,London Bridge,Waterloo,2024-07-05 18:26:00,2024-07-05 19:32:00,2.81,25,Southwark,Lambeth,66.0
2024-07-12,TFL-J-688669,Tube,Liverpool Street,Victoria,2024-07-12 07:32:00,2024-07-12 08:01:00,5.11,3,City of London,Westminster,29.0
2024-11-07,TFL-J-165132,Tube,Victoria,Euston,2024-11-07 16:20:00,2024-11-07 16:40:00,3.79,3,Westminster,Camden,20.0
2024-01-18,TFL-J-906834,Overground,Canary Wharf,Waterloo,2024-01-18 20:45:00,2024-01-18 21:17:00,7.83,1,Tower Hamlets,Lambeth,32.0
2024-10-26,TFL-J-110255,Bus,Stratford,Victoria,2024-10-26 07:45:00,2024-10-26 08:30:00,1.75,13,Newham,Westminster,45.0
2024-11-17,TFL-J-618459,Tube,Waterloo,Liverpool Street,2024-11-17 09:29:00,2024-11-17 09:57:00,3.97,3,Lambeth,City of London,28.0
2024-06-29,TFL-J-664654,Tube,Waterloo,Victoria,2024-06-29 16:04:00,2024-06-29 16:28:00,4.48,7,Lambeth,Westminster,24.0
2024-04-13,TFL-J-977902,Bus,Victoria,Euston,2024-04-13 09:23:00,2024-04-13 10:04:00,1.75,20,Westminster,Camden,41.0
2024-09-14,TFL-J-541580,Tube,Canary Wharf,Paddington,2024-09-14 16:29:00,2024-09-14 17:17:00,3.75,7,Tower Hamlets,Westminster,48.0
2024-03-30,TFL-J-845698,Bus,Canary Wharf,Kings Cross,2024-03-30 08:13:00,2024-03-30 08:51:00,1.75,13,Tower Hamlets,Camden,38.0
2024-09-06,TFL-J-315159,Tube,Bank,Paddington,2024-09-06 08:40:00,2024-09-06 09:01:00,5.29,5,City of London,Westminster,21.0
2024-09-09,TFL-J-882268,Tube,London Bridge,Victoria,2024-09-09 16:18:00,2024-09-09 16:27:00,9.4,2,Southwark,Westminster,9.0
2024-10-14,TFL-J-709913,Tube,Bank,Victoria,2024-10-14 14:11:00,2024-10-14 14:59:00,3.28,3,City of London,Westminster,48.0
2024-03-25,TFL-J-197768,Bus,Bank,Stratford,2024-03-25 12:07:00,2024-03-25 12:23:00,3.21,1,City of London,Newham,16.0
2024-08-05,TFL-J-422049,Tube,Liverpool Street,London Bridge,2024-08-05 17:06:00,2024-08-05 17:28:00,3.65,0,City of London,Southwark,22.0
2024-02-26,TFL-J-765108,Tube,Liverpool Street,Stratford,2024-02-26 07:38:00,2024-02-26 08:23:00,3.91,3,City of London,Newham,45.0
2024-03-12,TFL-J-627283,Tube,Victoria,Liverpool Street,2024-03-12 20:08:00,2024-03-12 20:53:00,3.73,0,Westminster,City of London,45.0
2024-10-04,TFL-J-603029,Tube,Waterloo,Liverpool Street,2024-10-04 07:37:00,2024-10-04 08:28:00,4.53,14,Lambeth,City of London,51.0
2024-03-21,TFL-J-304228,Overground,Paddington,Waterloo,2024-03-21 17:10:00,2024-03-21 17:43:00,4.69,13,Westminster,Lambeth,33.0
2024-04-30,TFL-J-849204,Tube,Euston,Waterloo,2024-04-30 08:51:00,2024-04-30 09:24:00,3.82,16,Camden,Lambeth,33.0
2024-09-12,TFL-J-459826,Tube,Victoria,London Bridge,2024-09-12 07:54:00,2024-09-12 08:36:00,4.64,3,Westminster,Southwark,42.0
2024-10-30,TFL-J-810024,Bus,Paddington,London Bridge,2024-10-30 07:13:00,2024-10-30 08:31:00,1.75,55,Westminster,Southwark,78.0
2024-04-23,TFL-J-680167,Tube,Euston,Waterloo,2024-04-23 09:52:00,2024-04-23 10:19:00,5.32,2,Camden,Lambeth,27.0
2024-03-26,TFL-J-704069,Bus,London Bridge,Liverpool Street,2024-03-26 09:46:00,2024-03-26 10:44:00,1.75,40,Southwark,City of London,58.0
2024-08-27,TFL-J-641751,Tube,Bank,Waterloo,2024-08-27 07:23:00,2024-08-27 08:07:00,4.44,18,City of London,Lambeth,44.0
2024-04-30,TFL-J-538380,Overground,Stratford,Euston,2024-04-30 15:49:00,2024-04-30 16:34:00,4.85,5,Newham,Camden,45.0
2024-01-31,TFL-J-648810,Overground,Stratford,Paddington,2024-01-31 23:18:00,2024-01-31 23:37:00,4.81,1,Newham,Westminster,19.0
2024-05-28,TFL-J-434121,Tube,Bank,Kings Cross,2024-05-28 18:12:00,2024-05-28 18:58:00,4.95,12,City of London,Camden,46.0
2024-05-12,TFL-J-888829,Tube,Stratford,Canary Wharf,2024-05-12 16:12:00,2024-05-12 17:10:00,5.46,15,Newham,Tower Hamlets,58.0
2024-05-29,TFL-J-748952,Tube,Paddington,Stratford,2024-05-29 08:56:00,2024-05-29 09:40:00,4.58,8,Westminster,Newham,44.0
2024-12-27,TFL-J-495744,Tube,Victoria,Kings Cross,2024-12-27 15:48:00,2024-12-27 16:19:00,4.84,0,Westminster,Camden,31.0
2024-06-22,TFL-J-395425,Bus,Bank,Paddington,2024-06-22 07:43:00,2024-06-22 08:31:00,1.75,3,City of London,Westminster,48.0
2024-01-12,TFL-J-322151,Bus,Stratford,Canary Wharf,2024-01-12 09:28:00,2024-01-12 09:56:00,1.75,12,Newham,Tower Hamlets,28.0
2024-05-13,TFL-J-187706,Tube,Stratford,Victoria,2024-05-13 14:37:00,2024-05-13 15:16:00,5.46,1,Newham,Westminster,39.0
2024-01-10,TFL-J-219502,Tube,Stratford,Waterloo,2024-01-10 18:22:00,2024-01-10 19:22:00,4.08,19,Newham,Lambeth,60.0
2024-11-14,TFL-J-909567,Bus,Canary Wharf,Stratford,2024-11-14 15:23:00,2024-11-14 16:08:00,1.75,2,Tower Hamlets,Newham,45.0
2024-02-10,TFL-J-680359,Tube,Euston,Canary Wharf,2024-02-10 07:20:00,2024-02-10 07:44:00,4.2,7,Camden,Tower Hamlets,24.0
2024-03-16,TFL-J-642521,Tube,Stratford,London Bridge,2024-03-16 18:52:00,2024-03-16 19:16:00,3.53,1,Newham,Southwark,24.0
2024-11-03,TFL-J-735146,Bus,Stratford,Paddington,2024-11-03 07:04:00,2024-11-03 07:22:00,1.75,2,Newham,Westminster,18.0
2024-08-11,TFL-J-743208,Tube,Bank,Victoria,2024-08-11 11:23:00,2024-08-11 12:05:00,4.76,2,City of London,Westminster,42.0
2024-03-05,TFL-J-422274,Bus,Waterloo,Euston,2024-03-05 07:15:00,2024-03-05 08:08:00,1.75,18,Lambeth,Camden,53.0
2024-02-07,TFL-J-185604,Tube,London Bridge,Euston,2024-02-07 07:12:00,2024-02-07 08:00:00,2.84,12,Southwark,Camden,48.0
2024-11-08,TFL-J-434674,Tube,Bank,Waterloo,2024-11-08 11:17:00,2024-11-08 12:00:00,2.95,3,City of London,Lambeth,43.0
2024-05-26,TFL-J-737405,Bus,Euston,Kings Cross,2024-05-26 09:09:00,2024-05-26 09:54:00,1.75,4,Camden,Camden,45.0
2024-03-28,TFL-J-263736,Bus,Stratford,Waterloo,2024-03-28 07:26:00,2024-03-28 07:47:00,1.75,5,Newham,Lambeth,21.0
2024-04-30,TFL-J-867767,Tube,Stratford,Paddington,2024-04-30 08:33:00,2024-04-30 09:56:00,4.21,44,Newham,Westminster,83.0
2024-07-03,TFL-J-331110,Bus,Paddington,Liverpool Street,2024-07-03 08:03:00,2024-07-03 08:41:00,1.75,11,Westminster,City of London,38.0
2024-07-14,TFL-J-835789,Bus,Bank,Waterloo,2024-07-14 08:39:00,2024-07-14 09:34:00,1.75,19,City of London,Lambeth,55.0
2024-05-11,TFL-J-515293,Bus,Victoria,Paddington,2024-05-11 09:59:00,2024-05-11 10:38:00,1.75,8,Westminster,Westminster,39.0
2024-09-28,TFL-J-489800,Tube,Paddington,Kings Cross,2024-09-28 17:11:00,2024-09-28 17:31:00,3.59,5,Westminster,Camden,20.0
2024-05-22,TFL-J-759842,Tube,Waterloo,Liverpool Street,2024-05-22 16:47:00,2024-05-22 17:07:00,2.96,5,Lambeth,City of London,20.0
2024-04-19,TFL-J-926540,Bus,Euston,Waterloo,2024-04-19 18:24:00,2024-04-19 18:42:00,1.75,1,Camden,Lambeth,18.0
2024-11-25,TFL-J-484475,Bus,Victoria,Bank,2024-11-25 18:21:00,2024-11-25 19:03:00,1.75,1,Westminster,City of London,42.0
2024-02-25,TFL-J-781364,Tube,Euston,Paddington,2024-02-25 18:23:00,2024-02-25 18:55:00,3.96,0,Camden,Westminster,32.0
2024-10-28,TFL-J-110337,Overground,Liverpool Street,Paddington,2024-10-28 08:37:00,2024-10-28 09:01:00,3.31,4,City of London,Westminster,24.0
2024-07-30,TFL-J-822705,Overground,Stratford,Paddington,2024-07-30 12:48:00,2024-07-30 13:18:00,2.99,2,Newham,Westminster,30.0
2024-04-06,TFL-J-998452,Tube,London Bridge,Euston,2024-04-06 09:32:00,2024-04-06 10:02:00,4.31,9,Southwark,Camden,30.0
2024-07-10,TFL-J-594967,Tube,Kings Cross,London Bridge,2024-07-10 09:59:00,2024-07-10 10:50:00,4.4,8,Camden,Southwark,51.0
2024-07-07,TFL-J-573202,Bus,Paddington,Euston,2024-07-07 07:32:00,2024-07-07 08:05:00,1.75,2,Westminster,Camden,33.0
2024-04-27,TFL-J-602150,Tube,Bank,Euston,2024-04-27 08:47:00,2024-04-27 10:30:00,4.43,78,City of London,Camden,103.0
2024-05-01,TFL-J-280021,Bus,Kings Cross,Euston,2024-05-01 15:51:00,2024-05-01 16:22:00,1.75,2,Camden,Camden,31.0
2024-07-24,TFL-J-216823,Tube,Victoria,Waterloo,2024-07-24 13:34:00,2024-07-24 13:59:00,3.09,2,Westminster,Lambeth,25.0
2024-04-23,TFL-J-695549,Tube,Waterloo,Paddington,2024-04-23 07:39:00,2024-04-23 08:17:00,4.76,1,Lambeth,Westminster,38.0
2024-07-25,TFL-J-667938,Tube,Bank,Canary Wharf,2024-07-25 16:11:00,2024-07-25 16:46:00,3.86,0,City of London,Tower Hamlets,35.0
2024-12-16,TFL-J-783408,Bus,Euston,Stratford,2024-12-16 17:30:00,2024-12-16 17:32:00,9.4,10,Camden,Newham,2.0
2024-03-29,TFL-J-805856,Tube,Victoria,Waterloo,2024-03-29 08:27:00,2024-03-29 09:32:00,3.37,27,Westminster,Lambeth,65.0
2024-08-16,TFL-J-410187,Tube,Stratford,Euston,2024-08-16 22:42:00,2024-08-16 22:45:00,9.4,10,Newham,Camden,3.0
2024-04-06,TFL-J-870387,Tube,Kings Cross,London Bridge,2024-04-06 12:57:00,2024-04-06 13:30:00,4.67,9,Camden,Southwark,33.0
2024-01-05,TFL-J-435109,Bus,Paddington,Waterloo,2024-01-05 09:19:00,2024-01-05 09:56:00,1.75,12,Westminster,Lambeth,37.0
2024-11-22,TFL-J-820656,Overground,Paddington,Victoria,2024-11-22 08:00:00,2024-11-22 08:24:00,3.58,5,Westminster,Westminster,24.0
2024-11-13,TFL-J-445259,Tube,Euston,Liverpool Street,2024-11-13 08:14:00,2024-11-13 08:47:00,4.76,18,Camden,City of London,33.0
2024-06-10,TFL-J-481526,Bus,Bank,Kings Cross,2024-06-10 18:48:00,2024-06-10 19:25:00,1.75,16,City of London,Camden,37.0
2024-07-18,TFL-J-601901,Bus,Canary Wharf,London Bridge,2024-07-18 18:15:00,2024-07-18 19:02:00,1.75,4,Tower Hamlets,Southwark,47.0
2024-01-01,TFL-J-893139,Overground,Waterloo,Stratford,2024-01-01 17:42:00,2024-01-01 18:23:00,4.59,12,Lambeth,Newham,41.0
2024-10-28,TFL-J-436451,Tube,Waterloo,Paddington,2024-10-28 17:57:00,2024-10-28 18:47:00,4.12,24,Lambeth,Westminster,50.0
2024-02-21,TFL-J-408202,Tube,Bank,Stratford,2024-02-21 09:43:00,2024-02-21 10:16:00,4.34,17,City of London,Newham,33.0
2024-03-20,TFL-J-762495,Tube,Bank,Waterloo,2024-03-20 12:08:00,2024-03-20 12:24:00,2.82,1,City of London,Lambeth,16.0
2024-12-23,TFL-J-554576,Tube,Liverpool Street,Paddington,2024-12-23 18:16:00,2024-12-23 18:59:00,4.15,6,City of London,Westminster,43.0
2024-08-03,TFL-J-869574,Bus,Victoria,Waterloo,2024-08-03 23:22:00,2024-08-04 00:01:00,1.75,1,Westminster,Lambeth,39.0
2024-10-29,TFL-J-651592,Tube,Waterloo,Euston,2024-10-29 16:06:00,2024-10-29 16:46:00,4.47,22,Lambeth,Camden,40.0
2024-10-27,TFL-J-990232,Tube,Waterloo,Victoria,2024-10-27 08:54:00,2024-10-27 09:39:00,13.78,0,Lambeth,Westminster,45.0
2024-04-23,TFL-J-668479,Tube,Euston,Victoria,2024-04-23 17:21:00,2024-04-23 18:21:00,9.93,19,Camden,Westminster,60.0
2024-03-24,TFL-J-905804,Bus,Paddington,Canary Wharf,2024-03-24 09:56:00,2024-03-24 10:24:00,1.75,10,Westminster,Tower Hamlets,28.0
2024-05-02,TFL-J-633849,Tube,London Bridge,Paddington,2024-05-02 18:23:00,2024-05-02 19:15:00,9.91,10,Southwark,Westminster,52.0
2024-04-29,TFL-J-837975,Tube,Waterloo,Liverpool Street,2024-04-29 13:07:00,2024-04-29 13:45:00,9.58,10,Lambeth,City of London,38.0
2024-08-02,TFL-J-430496,Tube,Victoria,Bank,2024-08-02 21:52:00,2024-08-02 22:14:00,3.86,2,Westminster,City of London,22.0
2024-09-05,TFL-J-459751,Tube,Waterloo,Euston,2024-09-05 09:01:00,2024-09-05 09:53:00,3.98,12,Lambeth,Camden,52.0
2024-04-05,TFL-J-974548,Tube,Canary Wharf,Liverpool Street,2024-04-05 17:40:00,2024-04-05 17:58:00,4.02,1,Tower Hamlets,City of London,18.0
2024-06-25,TFL-J-742164,Tube,London Bridge,Bank,2024-06-25 09:19:00,2024-06-25 10:05:00,2.91,2,Southwark,City of London,46.0
2024-07-25,TFL-J-705750,Tube,Stratford,Euston,2024-07-25 07:02:00,2024-07-25 07:59:00,2.85,18,Newham,Camden,57.0
2024-03-10,TFL-J-799001,Tube,Bank,Liverpool Street,2024-03-10 09:00:00,2024-03-10 09:34:00,4.75,1,City of London,City of London,34.0
2024-04-20,TFL-J-981256,Tube,Bank,London Bridge,2024-04-20 09:46:00,2024-04-20 10:36:00,2.93,7,City of London,Southwark,50.0
2024-08-01,TFL-J-506881,Bus,Waterloo,Liverpool Street,2024-08-01 18:06:00,2024-08-01 18:23:00,1.75,1,Lambeth,City of London,17.0
2024-08-31,TFL-J-897296,Bus,Paddington,Stratford,2024-08-31 11:40:00,2024-08-31 12:04:00,1.75,0,Westminster,Newham,24.0
2024-10-03,TFL-J-543115,Bus,Victoria,London Bridge,2024-10-03 16:23:00,2024-10-03 16:55:00,1.75,11,Westminster,Southwark,32.0
2024-09-28,TFL-J-181594,Bus,London Bridge,Bank,2024-09-28 11:09:00,2024-09-28 11:38:00,1.75,4,Southwark,City of London,29.0
2024-03-23,TFL-J-892707,Tube,Euston,Kings Cross,2024-03-23 08:46:00,2024-03-23 09:28:00,4.29,5,Camden,Camden,42.0
2024-03-12,TFL-J-934326,Tube,Paddington,London Bridge,2024-03-12 16:19:00,2024-03-12 17:05:00,4.12,1,Westminster,Southwark,46.0
2024-12-19,TFL-J-894783,Tube,Liverpool Street,Waterloo,2024-12-19 13:06:00,2024-12-19 13:55:00,3.26,10,City of London,Lambeth,49.0
2024-06-10,TFL-J-989219,Tube,London Bridge,Kings Cross,2024-06-10 17:50:00,2024-06-10 18:38:00,4.43,14,Southwark,Camden,48.0
2024-07-04,TFL-J-826862,Tube,Bank,Kings Cross,2024-07-04 09:55:00,2024-07-04 10:11:00,4.43,1,City of London,Camden,16.0
2024-04-22,TFL-J-714599,Tube,Bank,Stratford,2024-04-22 09:57:00,2024-04-22 10:48:00,3.17,14,City of London,Newham,51.0
2024-05-18,TFL-J-616039,Tube,Liverpool Street,Waterloo,2024-05-18 17:13:00,2024-05-18 17:34:00,4.2,1,City of London,Lambeth,21.0
2024-10-23,TFL-J-726258,Tube,Victoria,Waterloo,2024-10-23 18:51:00,2024-10-23 19:34:00,5.03,14,Westminster,Lambeth,43.0
2024-05-06,TFL-J-711898,Tube,Canary Wharf,Kings Cross,2024-05-06 09:31:00,2024-05-06 09:52:00,4.74,1,Tower Hamlets,Camden,21.0
2024-03-11,TFL-J-805660,Tube,Waterloo,Bank,2024-03-11 09:26:00,2024-03-11 09:48:00,4.53,0,Lambeth,City of London,22.0
2024-09-04,TFL-J-790086,Overground,Bank,Canary Wharf,2024-09-04 13:00:00,2024-09-04 13:40:00,4.29,6,City of London,Tower Hamlets,40.0
2024-11-26,TFL-J-307350,Tube,Bank,London Bridge,2024-11-26 07:21:00,2024-11-26 07:40:00,2.84,0,City of London,Southwark,19.0
2024-05-26,TFL-J-205824,Bus,Victoria,Bank,2024-05-26 21:22:00,2024-05-26 22:06:00,1.75,9,Westminster,City of London,44.0
2024-04-13,TFL-J-183385,Bus,London Bridge,Stratford,2024-04-13 11:22:00,2024-04-13 11:51:00,1.75,2,Southwark,Newham,29.0
2024-10-18,TFL-J-529351,Bus,Paddington,Stratford,2024-10-18 09:44:00,2024-10-18 10:33:00,1.75,7,Westminster,Newham,49.0
2024-02-03,TFL-J-856674,Bus,London Bridge,Bank,2024-02-03 23:58:00,2024-02-04 00:06:00,9.4,0,Southwark,City of London,8.0
2024-08-06,TFL-J-516461,Bus,Kings Cross,Liverpool Street,2024-08-06 16:47:00,2024-08-06 17:33:00,1.75,1,Camden,City of London,46.0
2024-09-13,TFL-J-960033,Tube,Victoria,Kings Cross,2024-09-13 12:17:00,2024-09-13 12:43:00,12.04,0,Westminster,Camden,26.0
2024-02-28,TFL-J-931520,Tube,Bank,Euston,2024-02-28 08:34:00,2024-02-28 09:26:00,2.86,34,City of London,Camden,52.0
2024-04-23,TFL-J-978055,Bus,Bank,Waterloo,2024-04-23 07:17:00,2024-04-23 08:26:00,1.75,49,City of London,Lambeth,69.0
2024-04-21,TFL-J-463855,Tube,Paddington,Stratford,2024-04-21 08:37:00,2024-04-21 08:57:00,2.95,5,Westminster,Newham,20.0
2024-02-23,TFL-J-969983,Bus,Paddington,Waterloo,2024-02-23 17:24:00,2024-02-23 18:15:00,1.75,18,Westminster,Lambeth,51.0
2024-05-06,TFL-J-152043,Bus,Canary Wharf,Waterloo,2024-05-06 08:46:00,2024-05-06 09:30:00,1.75,4,Tower Hamlets,Lambeth,44.0
2024-02-27,TFL-J-281953,Overground,Paddington,Kings Cross,2024-02-27 23:15:00,2024-02-28 00:01:00,4.0,3,Westminster,Camden,46.0
2024-11-30,TFL-J-603790,Tube,Paddington,Stratford,2024-11-30 09:10:00,2024-11-30 10:00:00,5.38,18,Westminster,Newham,50.0
2024-04-24,TFL-J-722379,Tube,Liverpool Street,Paddington,2024-04-24 11:00:00,2024-04-24 11:28:00,5.26,5,City of London,Westminster,28.0
2024-05-29,TFL-J-628154,Bus,Kings Cross,Waterloo,2024-05-29 16:26:00,2024-05-29 17:08:00,1.75,3,Camden,Lambeth,42.0
2024-09-10,TFL-J-563905,Tube,Canary Wharf,Victoria,2024-09-10 08:58:00,2024-09-10 09:46:00,3.28,7,Tower Hamlets,Westminster,48.0
2024-06-10,TFL-J-808387,Overground,Euston,Kings Cross,2024-06-10 15:42:00,2024-06-10 16:19:00,2.9,6,Camden,Camden,37.0
2024-03-03,TFL-J-373402,Tube,Victoria,Canary Wharf,2024-03-03 16:00:00,2024-03-03 17:07:00,3.25,30,Westminster,Tower Hamlets,67.0
2024-06-09,TFL-J-105652,Tube,Euston,Liverpool Street,2024-06-09 21:32:00,2024-06-09 22:10:00,4.68,0,Camden,City of London,38.0
2024-06-30,TFL-J-672404,Tube,Kings Cross,Euston,2024-06-30 11:25:00,2024-06-30 11:56:00,4.81,0,Camden,Camden,31.0
2024-03-26,TFL-J-421646,Tube,Victoria,Paddington,2024-03-26 18:13:00,2024-03-26 18:38:00,3.25,9,Westminster,Westminster,25.0
2024-10-06,TFL-J-412175,Overground,Canary Wharf,Victoria,2024-10-06 08:05:00,2024-10-06 08:36:00,3.93,3,Tower Hamlets,Westminster,31.0
2024-09-05,TFL-J-740853,Bus,London Bridge,Bank,2024-09-05 17:37:00,2024-09-05 17:56:00,1.75,0,Southwark,City of London,19.0
2024-06-16,TFL-J-645283,Tube,Stratford,Kings Cross,2024-06-16 12:57:00,2024-06-16 13:27:00,3.16,3,Newham,Camden,30.0
2024-09-27,TFL-J-898033,Tube,Liverpool Street,Kings Cross,2024-09-27 17:06:00,2024-09-27 19:17:00,9.98,97,City of London,Camden,131.0
2024-07-31,TFL-J-460866,Tube,Bank,Waterloo,2024-07-31 10:10:00,2024-07-31 10:39:00,5.08,0,City of London,Lambeth,29.0
2024-12-29,TFL-J-790312,Bus,Bank,Paddington,2024-12-29 18:49:00,2024-12-29 19:37:00,1.75,17,City of London,Westminster,48.0
2024-03-03,TFL-J-311948,Tube,Waterloo,Liverpool Street,2024-03-03 11:50:00,2024-03-03 12:23:00,4.97,0,Lambeth,City of London,33.0
2024-09-03,TFL-J-224653,Overground,Liverpool Street,Bank,2024-09-03 18:00:00,2024-09-03 18:43:00,4.98,5,City of London,City of London,43.0
2024-08-14,TFL-J-293521,Tube,Bank,Waterloo,2024-08-14 08:52:00,2024-08-14 09:49:00,5.06,20,City of London,Lambeth,57.0
2024-05-25,TFL-J-289180,Bus,Kings Cross,Victoria,2024-05-25 17:01:00,2024-05-25 17:52:00,1.75,26,Camden,Westminster,51.0
2024-11-29,TFL-J-146643,Tube,Kings Cross,Paddington,2024-11-29 11:47:00,2024-11-29 12:32:00,4.17,0,Camden,Westminster,45.0
2024-05-30,TFL-J-428622,Bus,Stratford,Canary Wharf,2024-05-30 08:58:00,2024-05-30 09:45:00,1.75,3,Newham,Tower Hamlets,47.0
2024-06-12,TFL-J-995244,Tube,London Bridge,Euston,2024-06-12 20:15:00,2024-06-12 20:58:00,5.05,2,Southwark,Camden,43.0
2024-11-10,TFL-J-248488,Tube,Victoria,Bank,2024-11-10 09:01:00,2024-11-10 09:26:00,3.2,7,Westminster,City of London,25.0
2024-08-31,TFL-J-345233,Bus,Euston,Canary Wharf,2024-08-31 17:14:00,2024-08-31 17:40:00,1.75,10,Camden,Tower Hamlets,26.0
2024-05-05,TFL-J-318214,Tube,Waterloo,Bank,2024-05-05 19:52:00,2024-05-05 20:34:00,3.52,0,Lambeth,City of London,42.0
2024-11-07,TFL-J-587688,Tube,London Bridge,Bank,2024-11-07 19:41:00,2024-11-07 20:09:00,3.5,0,Southwark,City of London,28.0
2024-03-22,TFL-J-983876,Tube,Liverpool Street,Stratford,2024-03-22 17:49:00,2024-03-22 18:31:00,3.33,14,City of London,Newham,42.0
2024-04-02,TFL-J-393486,Bus,Waterloo,Bank,2024-04-02 08:01:00,2024-04-02 09:01:00,1.75,22,Lambeth,City of London,60.0
2024-03-15,TFL-J-698282,Overground,Bank,Liverpool Street,2024-03-15 14:37:00,2024-03-15 15:12:00,4.67,0,City of London,City of London,35.0
2024-02-17,TFL-J-799557,Tube,London Bridge,Victoria,2024-02-17 08:40:00,2024-02-17 09:11:00,4.61,2,Southwark,Westminster,31.0
2024-08-30,TFL-J-750022,Bus,Paddington,Victoria,2024-08-30 08:31:00,2024-08-30 09:17:00,1.75,2,Westminster,Westminster,46.0
2024-01-12,TFL-J-111296,Bus,London Bridge,Bank,2024-01-12 21:13:00,2024-01-12 21:31:00,1.75,0,Southwark,City of London,18.0
2024-05-21,TFL-J-508936,Bus,Euston,Kings Cross,2024-05-21 07:02:00,2024-05-21 07:56:00,3.7,13,Camden,Camden,54.0
2024-04-17,TFL-J-350236,Tube,Waterloo,Victoria,2024-04-17 08:13:00,2024-04-17 08:22:00,9.4,29,Lambeth,Westminster,9.0
2024-09-09,TFL-J-562594,Bus,Stratford,Liverpool Street,2024-09-09 09:20:00,2024-09-09 10:09:00,1.75,16,Newham,City of London,49.0
2024-07-14,TFL-J-210193,Bus,Euston,Stratford,2024-07-14 08:13:00,2024-07-14 08:54:00,1.75,1,Camden,Newham,41.0
2024-05-22,TFL-J-257695,Overground,Paddington,Euston,2024-05-22 07:36:00,2024-05-22 08:01:00,3.0,0,Westminster,Camden,25.0
2024-08-09,TFL-J-230245,Tube,Waterloo,Paddington,2024-08-09 08:16:00,2024-08-09 09:04:00,3.68,24,Lambeth,Westminster,48.0
2024-11-01,TFL-J-902184,Tube,Kings Cross,Victoria,2024-11-01 16:44:00,2024-11-01 17:17:00,4.49,10,Camden,Westminster,33.0
2024-04-05,TFL-J-539861,Tube,Bank,London Bridge,2024-04-05 17:36:00,2024-04-05 18:07:00,3.11,13,City of London,Southwark,31.0
2024-03-25,TFL-J-983768,Tube,Euston,Bank,2024-03-25 08:33:00,2024-03-25 08:56:00,4.98,2,Camden,City of London,23.0
2024-11-12,TFL-J-790794,Tube,Euston,Canary Wharf,2024-11-12 18:03:00,2024-11-12 18:32:00,3.32,0,Camden,Tower Hamlets,29.0
2024-04-28,TFL-J-909429,Overground,Bank,Waterloo,2024-04-28 14:57:00,2024-04-28 15:25:00,5.39,0,City of London,Lambeth,28.0
2024-12-25,TFL-J-342360,Tube,Euston,Canary Wharf,2024-12-25 16:21:00,2024-12-25 17:04:00,3.44,12,Camden,Tower Hamlets,43.0
2024-10-30,TFL-J-830743,Bus,Paddington,Victoria,2024-10-30 07:09:00,2024-10-30 07:59:00,1.75,8,Westminster,Westminster,50.0
2024-09-27,TFL-J-767226,Tube,Kings Cross,Euston,2024-09-27 09:31:00,2024-09-27 10:48:00,4.12,32,Camden,Camden,77.0
2024-08-01,TFL-J-684052,Bus,Stratford,Bank,2024-08-01 08:24:00,2024-08-01 09:17:00,1.75,8,Newham,City of London,53.0
2024-05-16,TFL-J-547994,Tube,Stratford,Kings Cross,2024-05-16 11:46:00,2024-05-16 12:20:00,4.22,2,Newham,Camden,34.0
2024-02-08,TFL-J-958671,Bus,London Bridge,Kings Cross,2024-02-08 16:20:00,2024-02-08 16:38:00,1.75,2,Southwark,Camden,18.0
2024-10-09,TFL-J-237998,Tube,Bank,Liverpool Street,2024-10-09 18:38:00,2024-10-09 19:18:00,5.29,17,City of London,City of London,40.0
2024-02-05,TFL-J-509224,Overground,Bank,Euston,2024-02-05 09:26:00,2024-02-05 10:08:00,2.92,11,City of London,Camden,42.0
2024-04-09,TFL-J-878262,Tube,Kings Cross,Paddington,2024-04-09 17:44:00,2024-04-09 18:19:00,3.68,2,Camden,Westminster,35.0
2024-03-21,TFL-J-570929,Tube,Waterloo,Victoria,2024-03-21 16:07:00,2024-03-21 16:58:00,5.07,8,Lambeth,Westminster,51.0
2024-06-25,TFL-J-158681,Tube,Liverpool Street,Kings Cross,2024-06-25 13:38:00,2024-06-25 14:20:00,4.37,2,City of London,Camden,42.0
2024-05-04,TFL-J-242810,Tube,Victoria,Canary Wharf,2024-05-04 12:04:00,2024-05-04 12:27:00,3.02,1,Westminster,Tower Hamlets,23.0
2024-08-20,TFL-J-748415,Tube,Liverpool Street,Stratford,2024-08-20 10:54:00,2024-08-20 11:18:00,2.96,3,City of London,Newham,24.0
2024-08-18,TFL-J-127047,Bus,Euston,Kings Cross,2024-08-18 07:51:00,2024-08-18 08:58:00,1.75,26,Camden,Camden,67.0
2024-04-06,TFL-J-706408,Tube,Canary Wharf,Paddington,2024-04-06 07:31:00,2024-04-06 07:49:00,3.32,0,Tower Hamlets,Westminster,18.0
2024-05-11,TFL-J-246971,Tube,Liverpool Street,Paddington,2024-05-11 09:46:00,2024-05-11 10:54:00,3.64,35,City of London,Westminster,68.0
2024-02-10,TFL-J-336944,Tube,Paddington,Bank,2024-02-10 16:38:00,2024-02-10 17:21:00,3.64,6,Westminster,City of London,43.0
2024-12-14,TFL-J-461048,Tube,Canary Wharf,Stratford,2024-12-14 18:20:00,2024-12-14 19:27:00,4.01,25,Tower Hamlets,Newham,67.0
2024-03-16,TFL-J-358386,Bus,Victoria,Canary Wharf,2024-03-16 14:37:00,2024-03-16 14:53:00,1.75,0,Westminster,Tower Hamlets,16.0
2024-10-26,TFL-J-489194,Tube,Victoria,London Bridge,2024-10-26 13:01:00,2024-10-26 13:35:00,5.32,8,Westminster,Southwark,34.0
2024-12-17,TFL-J-415612,Tube,Victoria,Kings Cross,2024-12-17 23:09:00,2024-12-17 23:37:00,2.97,3,Westminster,Camden,28.0
2024-12-13,TFL-J-259846,Tube,Paddington,Waterloo,2024-12-13 07:36:00,2024-12-13 08:17:00,3.9,4,Westminster,Lambeth,41.0
2024-07-29,TFL-J-663163,Bus,Euston,Liverpool Street,2024-07-29 08:20:00,2024-07-29 08:54:00,1.75,0,Camden,City of London,34.0
2024-03-07,TFL-J-260249,Tube,Liverpool Street,Euston,2024-03-07 15:41:00,2024-03-07 16:13:00,4.11,7,City of London,Camden,32.0
2024-07-28,TFL-J-180631,Overground,Victoria,Bank,2024-07-28 21:55:00,2024-07-28 22:30:00,5.05,5,Westminster,City of London,35.0
2024-09-06,TFL-J-375918,Tube,Euston,Canary Wharf,2024-09-06 10:10:00,2024-09-06 10:33:00,3.15,0,Camden,Tower Hamlets,23.0
2024-03-27,TFL-J-585188,Bus,Waterloo,Euston,2024-03-27 08:16:00,2024-03-27 08:38:00,1.75,3,Lambeth,Camden,22.0
2024-10-23,TFL-J-441331,Tube,Waterloo,Euston,2024-10-23 09:39:00,2024-10-23 10:15:00,4.53,18,Lambeth,Camden,36.0
2024-02-14,TFL-J-644713,Bus,Euston,Waterloo,2024-02-14 21:04:00,2024-02-14 21:37:00,1.75,0,Camden,Lambeth,33.0
2024-12-17,TFL-J-198189,Tube,Stratford,Victoria,2024-12-17 15:23:00,2024-12-17 15:43:00,3.87,1,Newham,Westminster,20.0
2024-01-18,TFL-J-827473,Tube,Waterloo,Liverpool Street,2024-01-18 07:24:00,2024-01-18 08:09:00,3.18,16,Lambeth,City of London,45.0
2024-07-17,TFL-J-138739,Tube,Euston,Bank,2024-07-17 23:51:00,2024-07-18 00:27:00,5.12,1,Camden,City of London,36.0
2024-09-20,TFL-J-272265,Tube,Liverpool Street,Euston,2024-09-20 17:34:00,2024-09-20 18:14:00,13.14,3,City of London,Camden,40.0
2024-06-27,TFL-J-982261,Bus,Euston,London Bridge,2024-06-27 19:47:00,2024-06-27 20:23:00,1.75,7,Camden,Southwark,36.0
2024-09-05,TFL-J-280011,Bus,Stratford,Victoria,2024-09-05 16:12:00,2024-09-05 16:58:00,1.75,9,Newham,Westminster,46.0
2024-06-24,TFL-J-392221,Tube,Euston,Bank,2024-06-24 08:00:00,2024-06-24 09:06:00,3.97,31,Camden,City of London,66.0
2024-09-11,TFL-J-611354,Tube,Euston,Bank,2024-09-11 17:32:00,2024-09-11 18:24:00,3.79,26,Camden,City of London,52.0
2024-02-11,TFL-J-631547,Bus,Liverpool Street,Waterloo,2024-02-11 13:08:00,2024-02-11 13:52:00,1.75,0,City of London,Lambeth,44.0
2024-01-31,TFL-J-858251,Bus,London Bridge,Kings Cross,2024-01-31 08:24:00,2024-01-31 08:48:00,1.75,4,Southwark,Camden,24.0
2024-05-31,TFL-J-979663,Bus,Kings Cross,Waterloo,2024-05-31 11:54:00,2024-05-31 12:42:00,1.75,7,Camden,Lambeth,48.0
2024-11-01,TFL-J-105659,Bus,Waterloo,Bank,2024-11-01 16:37:00,2024-11-01 17:17:00,1.75,9,Lambeth,City of London,40.0
2024-03-29,TFL-J-484371,Tube,Liverpool Street,Victoria,2024-03-29 13:06:00,2024-03-29 13:51:00,2.83,5,City of London,Westminster,45.0
2024-06-04,TFL-J-676927,Tube,London Bridge,Bank,2024-06-04 07:18:00,2024-06-04 07:58:00,3.74,18,Southwark,City of London,40.0
2024-01-20,TFL-J-355197,Tube,Paddington,Stratford,2024-01-20 08:37:00,2024-01-20 09:18:00,5.41,17,Westminster,Newham,41.0
2024-04-01,TFL-J-336890,Tube,Paddington,Euston,2024-04-01 09:26:00,2024-04-01 10:16:00,4.43,15,Westminster,Camden,50.0
2024-10-26,TFL-J-268019,Tube,Stratford,Canary Wharf,2024-10-26 13:27:00,2024-10-26 13:57:00,4.47,8,Newham,Tower Hamlets,30.0
2024-05-13,TFL-J-244446,Tube,Kings Cross,Euston,2024-05-13 07:02:00,2024-05-13 07:32:00,4.8,5,Camden,Camden,30.0
2024-04-04,TFL-J-511052,Tube,London Bridge,Liverpool Street,2024-04-04 12:35:00,2024-04-04 13:15:00,5.34,0,Southwark,City of London,40.0
2024-01-08,TFL-J-232168,Tube,Canary Wharf,Kings Cross,2024-01-08 10:25:00,2024-01-08 10:43:00,4.95,0,Tower Hamlets,Camden,18.0
2024-09-17,TFL-J-680876,Tube,Liverpool Street,Stratford,2024-09-17 17:45:00,2024-09-17 18:33:00,3.12,6,City of London,Newham,48.0
2024-08-10,TFL-J-448430,Tube,Bank,Liverpool Street,2024-08-10 08:28:00,2024-08-10 09:20:00,3.29,9,City of London,City of London,52.0
2024-10-13,TFL-J-397242,Tube,London Bridge,Victoria,2024-10-13 19:24:00,2024-10-13 19:46:00,4.98,0,Southwark,Westminster,22.0
2024-11-11,TFL-J-127231,Bus,Victoria,Bank,2024-11-11 16:45:00,2024-11-11 17:23:00,1.75,16,Westminster,City of London,38.0
2024-08-02,TFL-J-249984,Tube,London Bridge,Stratford,2024-08-02 17:18:00,2024-08-02 17:49:00,3.12,3,Southwark,Newham,31.0
2024-11-21,TFL-J-350347,Tube,Paddington,London Bridge,2024-11-21 14:56:00,2024-11-21 15:26:00,3.49,4,Westminster,Southwark,30.0
2024-06-06,TFL-J-535615,Tube,Waterloo,Stratford,2024-06-06 16:56:00,2024-06-06 17:06:00,9.4,40,Lambeth,Newham,10.0
2024-03-12,TFL-J-315186,Overground,Paddington,Victoria,2024-03-12 09:48:00,2024-03-12 10:51:00,4.83,19,Westminster,Westminster,63.0
2024-10-28,TFL-J-328701,Bus,Waterloo,Euston,2024-10-28 08:38:00,2024-10-28 09:21:00,1.75,6,Lambeth,Camden,43.0
2024-11-20,TFL-J-485757,Tube,Canary Wharf,London Bridge,2024-11-20 13:13:00,2024-11-20 13:50:00,5.42,1,Tower Hamlets,Southwark,37.0
2024-01-18,TFL-J-164898,Tube,Waterloo,Canary Wharf,2024-01-18 07:33:00,2024-01-18 08:16:00,3.72,13,Lambeth,Tower Hamlets,43.0
2024-07-27,TFL-J-294044,Tube,Bank,Euston,2024-07-27 21:06:00,2024-07-27 21:28:00,5.19,0,City of London,Camden,22.0
2024-03-05,TFL-J-704272,Tube,Stratford,Canary Wharf,2024-03-05 17:39:00,2024-03-05 18:27:00,3.88,6,Newham,Tower Hamlets,48.0
2024-04-27,TFL-J-357746,Overground,Paddington,Kings Cross,2024-04-27 12:18:00,2024-04-27 12:56:00,4.23,6,Westminster,Camden,38.0
2024-07-01,TFL-J-322778,Tube,Liverpool Street,Canary Wharf,2024-07-01 07:48:00,2024-07-01 08:44:00,4.6,13,City of London,Tower Hamlets,56.0
2024-01-14,TFL-J-319586,Tube,Liverpool Street,Paddington,2024-01-14 17:20:00,2024-01-14 18:03:00,4.91,7,City of London,Westminster,43.0
2024-01-16,TFL-J-439240,Tube,Stratford,Liverpool Street,2024-01-16 09:52:00,2024-01-16 10:32:00,4.96,23,Newham,City of London,40.0
2024-09-21,TFL-J-898584,Bus,Stratford,Waterloo,2024-09-21 08:35:00,2024-09-21 09:01:00,1.75,7,Newham,Lambeth,26.0
2024-03-22,TFL-J-517180,Tube,Victoria,Stratford,2024-03-22 16:35:00,2024-03-22 17:10:00,4.88,1,Westminster,Newham,35.0
2024-05-01,TFL-J-509329,Tube,Waterloo,Bank,2024-05-01 08:01:00,2024-05-01 08:45:00,5.37,11,Lambeth,City of London,44.0
2024-10-02,TFL-J-281301,Tube,Waterloo,London Bridge,2024-10-02 18:04:00,2024-10-02 18:34:00,5.1,11,Lambeth,Southwark,30.0
2024-06-07,TFL-J-551688,Tube,Euston,Liverpool Street,2024-06-07 07:23:00,2024-06-07 07:57:00,3.88,5,Camden,City of London,34.0
2024-12-30,TFL-J-670959,Bus,Kings Cross,Canary Wharf,2024-12-30 12:33:00,2024-12-30 13:07:00,1.75,1,Camden,Tower Hamlets,34.0
2024-09-14,TFL-J-145457,Bus,Victoria,London Bridge,2024-09-14 17:34:00,2024-09-14 18:19:00,1.75,8,Westminster,Southwark,45.0
2024-07-03,TFL-J-119697,Tube,London Bridge,Euston,2024-07-03 21:33:00,2024-07-03 21:59:00,4.46,1,Southwark,Camden,26.0
2024-12-23,TFL-J-135077,Tube,Victoria,Liverpool Street,2024-12-23 13:57:00,2024-12-23 14:32:00,5.03,1,Westminster,City of London,35.0
2024-03-12,TFL-J-253720,Bus,Canary Wharf,Paddington,2024-03-12 15:53:00,2024-03-12 16:23:00,1.75,1,Tower Hamlets,Westminster,30.0
2024-11-14,TFL-J-489476,Tube,Canary Wharf,Kings Cross,2024-11-14 12:03:00,2024-11-14 12:38:00,4.51,0,Tower Hamlets,Camden,35.0
2024-03-30,TFL-J-779403,Tube,Euston,Canary Wharf,2024-03-30 13:59:00,2024-03-30 14:26:00,5.34,2,Camden,Tower Hamlets,27.0
2024-02-27,TFL-J-869214,Tube,Liverpool Street,Paddington,2024-02-27 17:35:00,2024-02-27 17:37:00,9.4,10,City of London,Westminster,2.0
2024-04-14,TFL-J-224718,Tube,Bank,Canary Wharf,2024-04-14 16:39:00,2024-04-14 17:07:00,3.21,8,City of London,Tower Hamlets,28.0
2024-06-03,TFL-J-550038,Tube,Waterloo,Victoria,2024-06-03 07:39:00,2024-06-03 08:02:00,4.88,8,Lambeth,Westminster,23.0
2024-04-17,TFL-J-623932,Tube,Liverpool Street,Bank,2024-04-17 08:18:00,2024-04-17 08:53:00,5.49,5,City of London,City of London,35.0
2024-02-18,TFL-J-168970,Bus,London Bridge,Canary Wharf,2024-02-18 16:16:00,2024-02-18 17:23:00,1.75,43,Southwark,Tower Hamlets,67.0
2024-03-31,TFL-J-351686,Tube,Waterloo,Euston,2024-03-31 09:14:00,2024-03-31 09:43:00,2.88,6,Lambeth,Camden,29.0
2024-08-14,TFL-J-504601,Tube,Victoria,Euston,2024-08-14 17:32:00,2024-08-14 17:56:00,4.97,0,Westminster,Camden,24.0
2024-01-17,TFL-J-404357,Bus,Waterloo,Bank,2024-01-17 08:29:00,2024-01-17 09:10:00,1.75,26,Lambeth,City of London,41.0
2024-10-21,TFL-J-168218,Tube,Waterloo,Bank,2024-10-21 07:53:00,2024-10-21 08:49:00,4.63,15,Lambeth,City of London,56.0
2024-04-20,TFL-J-809188,Tube,Euston,Kings Cross,2024-04-20 09:35:00,2024-04-20 10:48:00,3.2,32,Camden,Camden,73.0
2024-06-12,TFL-J-367231,Bus,Bank,Waterloo,2024-06-12 08:53:00,2024-06-12 09:29:00,1.75,3,City of London,Lambeth,36.0
2024-04-06,TFL-J-293936,Tube,London Bridge,Bank,2024-04-06 17:52:00,2024-04-06 18:21:00,3.19,3,Southwark,City of London,29.0
2024-07-19,TFL-J-224587,Bus,London Bridge,Stratford,2024-07-19 16:06:00,2024-07-19 16:38:00,1.75,5,Southwark,Newham,32.0
2024-05-10,TFL-J-516486,Bus,Canary Wharf,Euston,2024-05-10 08:53:00,2024-05-10 09:36:00,1.75,9,Tower Hamlets,Camden,43.0
2024-05-10,TFL-J-962467,Bus,Bank,Euston,2024-05-10 09:29:00,2024-05-10 10:04:00,1.75,11,City of London,Camden,35.0
2024-03-07,TFL-J-119988,Tube,Canary Wharf,Paddington,2024-03-07 09:44:00,2024-03-07 10:23:00,4.33,1,Tower Hamlets,Westminster,39.0
2024-11-13,TFL-J-300580,Tube,Kings Cross,Canary Wharf,2024-11-13 17:05:00,2024-11-13 18:02:00,3.2,12,Camden,Tower Hamlets,57.0
2024-04-18,TFL-J-769439,Tube,Kings Cross,Stratford,2024-04-18 18:45:00,2024-04-18 19:28:00,4.54,5,Camden,Newham,43.0
2024-02-25,TFL-J-816844,Tube,Bank,Victoria,2024-02-25 23:37:00,2024-02-26 00:02:00,3.92,5,City of London,Westminster,25.0
2024-03-19,TFL-J-600192,Bus,Euston,Waterloo,2024-03-19 16:08:00,2024-03-19 16:54:00,1.75,12,Camden,Lambeth,46.0
2024-06-03,TFL-J-257704,Bus,Kings Cross,Stratford,2024-06-03 16:29:00,2024-06-03 17:23:00,4.17,14,Camden,Newham,54.0
2024-05-27,TFL-J-182220,Tube,Stratford,Paddington,2024-05-27 16:50:00,2024-05-27 17:48:00,5.25,31,Newham,Westminster,58.0
2024-09-25,TFL-J-744429,Overground,Bank,Stratford,2024-09-25 18:54:00,2024-09-25 19:23:00,4.85,12,City of London,Newham,29.0
2024-11-27,TFL-J-330376,Tube,London Bridge,Bank,2024-11-27 07:40:00,2024-11-27 08:13:00,4.66,1,Southwark,City of London,33.0
2024-06-08,TFL-J-109511,Tube,Victoria,Liverpool Street,2024-06-08 15:38:00,2024-06-08 16:11:00,4.86,2,Westminster,City of London,33.0
2024-06-23,TFL-J-783555,Tube,Kings Cross,Waterloo,2024-06-23 09:35:00,2024-06-23 10:04:00,4.64,6,Camden,Lambeth,29.0
2024-05-26,TFL-J-323870,Overground,Victoria,Kings Cross,2024-05-26 13:09:00,2024-05-26 13:47:00,3.63,3,Westminster,Camden,38.0
2024-12-28,TFL-J-364447,Overground,Canary Wharf,Paddington,2024-12-28 15:39:00,2024-12-28 15:59:00,3.28,0,Tower Hamlets,Westminster,20.0
2024-06-13,TFL-J-855994,Tube,Bank,Waterloo,2024-06-13 16:13:00,2024-06-13 16:48:00,5.35,1,City of London,Lambeth,35.0
2024-01-04,TFL-J-599223,Tube,Paddington,Stratford,2024-01-04 08:53:00,2024-01-04 09:23:00,2.84,10,Westminster,Newham,30.0
2024-09-18,TFL-J-829391,Tube,London Bridge,Stratford,2024-09-18 08:26:00,2024-09-18 09:12:00,4.58,3,Southwark,Newham,46.0
2024-03-25,TFL-J-313988,Overground,Bank,Waterloo,2024-03-25 11:27:00,2024-03-25 12:07:00,4.41,4,City of London,Lambeth,40.0
2024-08-09,TFL-J-375717,Tube,Victoria,London Bridge,2024-08-09 17:39:00,2024-08-09 18:10:00,3.42,6,Westminster,Southwark,31.0
2024-09-12,TFL-J-512570,Tube,Kings Cross,Canary Wharf,2024-09-12 09:50:00,2024-09-12 10:22:00,3.75,8,Camden,Tower Hamlets,32.0
2024-07-12,TFL-J-405140,Overground,Waterloo,Victoria,2024-07-12 08:16:00,2024-07-12 08:34:00,3.44,1,Lambeth,Westminster,18.0
2024-11-16,TFL-J-551001,Tube,Euston,Paddington,2024-11-16 08:34:00,2024-11-16 09:05:00,11.23,7,Camden,Westminster,31.0
2024-04-27,TFL-J-142152,Tube,Liverpool Street,London Bridge,2024-04-27 16:42:00,2024-04-27 18:13:00,5.02,48,City of London,Southwark,91.0
2024-06-17,TFL-J-172851,Tube,Paddington,Victoria,2024-06-17 09:53:00,2024-06-17 10:31:00,5.19,6,Westminster,Westminster,38.0
2024-08-23,TFL-J-457010,Tube,Waterloo,Kings Cross,2024-08-23 17:59:00,2024-08-23 18:25:00,4.77,4,Lambeth,Camden,26.0
2024-06-04,TFL-J-712868,Tube,Euston,Kings Cross,2024-06-04 19:29:00,2024-06-04 20:11:00,6.95,1,Camden,Camden,42.0
2024-05-29,TFL-J-848425,Tube,Bank,Stratford,2024-05-29 14:43:00,2024-05-29 15:18:00,4.34,0,City of London,Newham,35.0
2024-02-05,TFL-J-202821,Bus,Liverpool Street,Canary Wharf,2024-02-05 12:25:00,2024-02-05 13:07:00,1.75,0,City of London,Tower Hamlets,42.0
2024-03-04,TFL-J-331473,Tube,Bank,Canary Wharf,2024-03-04 17:55:00,2024-03-04 18:36:00,4.72,5,City of London,Tower Hamlets,41.0
2024-09-03,TFL-J-668987,Tube,Stratford,Victoria,2024-09-03 20:14:00,2024-09-03 20:58:00,4.32,8,Newham,Westminster,44.0
2024-09-17,TFL-J-726255,Tube,Stratford,Euston,2024-09-17 08:38:00,2024-09-17 09:03:00,3.74,7,Newham,Camden,25.0
2024-02-16,TFL-J-442780,Tube,Kings Cross,London Bridge,2024-02-16 09:10:00,2024-02-16 09:38:00,3.58,1,Camden,Southwark,28.0
2024-05-10,TFL-J-109444,Bus,Paddington,London Bridge,2024-05-10 09:17:00,2024-05-10 09:46:00,1.75,13,Westminster,Southwark,29.0
2024-05-16,TFL-J-313110,Bus,Euston,Kings Cross,2024-05-16 09:52:00,2024-05-16 10:30:00,1.75,12,Camden,Camden,38.0
2024-06-03,TFL-J-151581,Bus,Bank,Victoria,2024-06-03 17:25:00,2024-06-03 18:20:00,1.75,13,City of London,Westminster,55.0
2024-02-05,TFL-J-546194,Bus,Liverpool Street,Euston,2024-02-05 07:08:00,2024-02-05 07:56:00,1.75,11,City of London,Camden,48.0
2024-05-21,TFL-J-415934,Bus,Euston,Victoria,2024-05-21 17:42:00,2024-05-21 18:00:00,1.75,1,Camden,Westminster,18.0
2024-04-01,TFL-J-164897,Tube,Euston,Victoria,2024-04-01 08:29:00,2024-04-01 08:56:00,5.42,8,Camden,Westminster,27.0
2024-04-03,TFL-J-876044,Tube,Victoria,Bank,2024-04-03 12:50:00,2024-04-03 13:08:00,4.38,2,Westminster,City of London,18.0
2024-11-25,TFL-J-952318,Tube,Kings Cross,London Bridge,2024-11-25 12:36:00,2024-11-25 13:11:00,3.58,1,Camden,Southwark,35.0
2024-12-17,TFL-J-682351,Tube,Bank,Victoria,2024-12-17 08:40:00,2024-12-17 09:13:00,4.94,16,City of London,Westminster,33.0
2024-10-30,TFL-J-211725,Tube,London Bridge,Kings Cross,2024-10-30 19:30:00,2024-10-30 20:05:00,5.29,1,Southwark,Camden,35.0
2024-08-25,TFL-J-261730,Overground,Euston,Stratford,2024-08-25 15:25:00,2024-08-25 15:52:00,3.64,6,Camden,Newham,27.0
2024-05-03,TFL-J-449729,Tube,Waterloo,Victoria,2024-05-03 18:39:00,2024-05-03 19:03:00,5.0,6,Lambeth,Westminster,24.0
2024-01-12,TFL-J-940424,Tube,Victoria,Liverpool Street,2024-01-12 07:24:00,2024-01-12 07:42:00,5.49,3,Westminster,City of London,18.0
2024-06-20,TFL-J-561484,Overground,Victoria,Kings Cross,2024-06-20 09:20:00,2024-06-20 09:45:00,3.23,4,Westminster,Camden,25.0
2024-03-04,TFL-J-479301,Tube,Canary Wharf,Stratford,2024-03-04 16:56:00,2024-03-04 17:26:00,4.17,2,Tower Hamlets,Newham,30.0
2024-11-27,TFL-J-607886,Tube,Canary Wharf,Liverpool Street,2024-11-27 07:57:00,2024-11-27 08:43:00,3.89,19,Tower Hamlets,City of London,46.0
2024-08-18,TFL-J-703267,Tube,Paddington,Victoria,2024-08-18 21:48:00,2024-08-18 22:15:00,3.12,1,Westminster,Westminster,27.0
2024-11-17,TFL-J-946970,Overground,Waterloo,Kings Cross,2024-11-17 08:51:00,2024-11-17 09:32:00,3.95,11,Lambeth,Camden,41.0
2024-12-13,TFL-J-937466,Bus,Paddington,Bank,2024-12-13 07:13:00,2024-12-13 08:11:00,1.75,26,Westminster,City of London,58.0
2024-03-14,TFL-J-855050,Bus,Paddington,Liverpool Street,2024-03-14 07:07:00,2024-03-14 07:49:00,1.75,10,Westminster,City of London,42.0
2024-03-16,TFL-J-467140,Tube,Waterloo,Paddington,2024-03-16 15:19:00,2024-03-16 16:00:00,9.1,0,Lambeth,Westminster,41.0
2024-07-23,TFL-J-243082,Tube,London Bridge,Waterloo,2024-07-23 17:29:00,2024-07-23 18:04:00,3.94,0,Southwark,Lambeth,35.0
2024-09-23,TFL-J-175467,Overground,London Bridge,Waterloo,2024-09-23 11:26:00,2024-09-23 11:58:00,4.96,2,Southwark,Lambeth,32.0
2024-02-23,TFL-J-188467,Tube,Liverpool Street,Bank,2024-02-23 09:18:00,2024-02-23 10:14:00,5.28,35,City of London,City of London,56.0
2024-09-02,TFL-J-966211,Tube,Stratford,Victoria,2024-09-02 08:50:00,2024-09-02 09:34:00,3.13,9,Newham,Westminster,44.0
2024-12-26,TFL-J-565747,Tube,Paddington,Waterloo,2024-12-26 16:51:00,2024-12-26 17:31:00,4.06,15,Westminster,Lambeth,40.0
2024-05-20,TFL-J-178419,Tube,Waterloo,Euston,2024-05-20 19:37:00,2024-05-20 19:56:00,4.77,2,Lambeth,Camden,19.0
2024-05-11,TFL-J-355641,Overground,Waterloo,Liverpool Street,2024-05-11 07:53:00,2024-05-11 08:18:00,3.3,5,Lambeth,City of London,25.0
2024-12-26,TFL-J-961320,Tube,Waterloo,Canary Wharf,2024-12-26 08:16:00,2024-12-26 08:49:00,4.24,17,Lambeth,Tower Hamlets,33.0
2024-09-13,TFL-J-530261,Bus,Paddington,Canary Wharf,2024-09-13 09:02:00,2024-09-13 09:23:00,1.75,1,Westminster,Tower Hamlets,21.0
2024-10-29,TFL-J-599011,Tube,Bank,Liverpool Street,2024-10-29 18:00:00,2024-10-29 18:09:00,9.4,0,City of London,City of London,9.0
2024-10-12,TFL-J-316602,Tube,Liverpool Street,Bank,2024-10-12 08:53:00,2024-10-12 09:38:00,4.09,22,City of London,City of London,45.0
2024-01-16,TFL-J-236154,Bus,Kings Cross,Liverpool Street,2024-01-16 08:36:00,2024-01-16 09:23:00,1.75,14,Camden,City of London,47.0
2024-01-13,TFL-J-666274,Tube,Waterloo,Victoria,2024-01-13 14:40:00,2024-01-13 15:13:00,2.81,2,Lambeth,Westminster,33.0
2024-03-10,TFL-J-145356,Bus,London Bridge,Waterloo,2024-03-10 13:17:00,2024-03-10 13:46:00,1.75,2,Southwark,Lambeth,29.0
2024-04-02,TFL-J-166323,Bus,Kings Cross,Stratford,2024-04-02 09:10:00,2024-04-02 10:31:00,1.75,52,Camden,Newham,81.0
2024-03-22,TFL-J-340950,Bus,Waterloo,Victoria,2024-03-22 09:16:00,2024-03-22 10:17:00,1.75,29,Lambeth,Westminster,61.0
2024-04-21,TFL-J-476308,Bus,Canary Wharf,Paddington,2024-04-21 07:02:00,2024-04-21 07:37:00,1.75,0,Tower Hamlets,Westminster,35.0
2024-10-07,TFL-J-694270,Bus,Bank,Waterloo,2024-10-07 18:16:00,2024-10-07 18:57:00,1.75,1,City of London,Lambeth,41.0
2024-09-10,TFL-J-376056,Bus,London Bridge,Paddington,2024-09-10 16:44:00,2024-09-10 17:20:00,1.75,1,Southwark,Westminster,36.0
2024-11-30,TFL-J-138116,Tube,Waterloo,London Bridge,2024-11-30 16:03:00,2024-11-30 16:25:00,11.43,7,Lambeth,Southwark,22.0
2024-07-16,TFL-J-119341,Tube,Waterloo,Bank,2024-07-16 09:00:00,2024-07-16 09:57:00,3.8,25,Lambeth,City of London,57.0
2024-04-12,TFL-J-701513,Tube,Euston,Waterloo,2024-04-12 07:37:00,2024-04-12 08:04:00,3.65,4,Camden,Lambeth,27.0
2024-12-03,TFL-J-232350,Tube,Stratford,Bank,2024-12-03 07:33:00,2024-12-03 08:17:00,4.83,10,Newham,City of London,44.0
2024-03-14,TFL-J-106646,Bus,London Bridge,Bank,2024-03-14 17:30:00,2024-03-14 18:32:00,1.75,23,Southwark,City of London,62.0
2024-05-28,TFL-J-846831,Overground,Canary Wharf,Waterloo,2024-05-28 08:18:00,2024-05-28 08:38:00,3.54,5,Tower Hamlets,Lambeth,20.0
2024-03-15,TFL-J-822786,Bus,Canary Wharf,Bank,2024-03-15 08:56:00,2024-03-15 09:39:00,1.75,19,Tower Hamlets,City of London,43.0
2024-04-12,TFL-J-263463,Tube,Kings Cross,Canary Wharf,2024-04-12 15:57:00,2024-04-12 16:24:00,4.61,3,Camden,Tower Hamlets,27.0
2024-09-30,TFL-J-165845,Tube,Kings Cross,Waterloo,2024-09-30 18:31:00,2024-09-30 18:35:00,9.4,3,Camden,Lambeth,4.0
2024-04-20,TFL-J-387807,Bus,Stratford,Kings Cross,2024-04-20 13:07:00,2024-04-20 13:51:00,1.75,5,Newham,Camden,44.0
2024-04-08,TFL-J-805494,Tube,Waterloo,Euston,2024-04-08 12:19:00,2024-04-08 12:44:00,4.32,8,Lambeth,Camden,25.0
2024-04-25,TFL-J-286931,Tube,Euston,Canary Wharf,2024-04-25 16:35:00,2024-04-25 17:16:00,2.94,7,Camden,Tower Hamlets,41.0
2024-07-19,TFL-J-501008,Tube,Victoria,Canary Wharf,2024-07-19 21:38:00,2024-07-19 22:22:00,4.36,1,Westminster,Tower Hamlets,44.0
2024-09-03,TFL-J-926439,Bus,Stratford,Victoria,2024-09-03 17:29:00,2024-09-03 17:58:00,1.75,1,Newham,Westminster,29.0
2024-01-07,TFL-J-431419,Bus,Liverpool Street,Waterloo,2024-01-07 07:34:00,2024-01-07 08:00:00,1.75,7,City of London,Lambeth,26.0
2024-07-06,TFL-J-699429,Tube,London Bridge,Liverpool Street,2024-07-06 07:46:00,2024-07-06 08:16:00,3.68,9,Southwark,City of London,30.0
2024-06-24,TFL-J-952001,Tube,Stratford,Victoria,2024-06-24 07:32:00,2024-06-24 08:51:00,4.27,38,Newham,Westminster,79.0
2024-05-18,TFL-J-760623,Bus,Kings Cross,Paddington,2024-05-18 21:14:00,2024-05-18 21:35:00,1.75,1,Camden,Westminster,21.0
2024-04-09,TFL-J-309739,Tube,Euston,Kings Cross,2024-04-09 09:39:00,2024-04-09 10:03:00,4.03,5,Camden,Camden,24.0
2024-01-13,TFL-J-211120,Bus,Kings Cross,Euston,2024-01-13 08:29:00,2024-01-13 09:09:00,1.75,25,Camden,Camden,40.0
2024-04-10,TFL-J-336498,Overground,London Bridge,Canary Wharf,2024-04-10 11:23:00,2024-04-10 11:58:00,4.98,2,Southwark,Tower Hamlets,35.0
2024-11-23,TFL-J-831384,Bus,Canary Wharf,Victoria,2024-11-23 15:00:00,2024-11-23 15:21:00,1.75,4,Tower Hamlets,Westminster,21.0
2024-08-15,TFL-J-472829,Bus,London Bridge,Kings Cross,2024-08-15 07:57:00,2024-08-15 08:15:00,1.75,1,Southwark,Camden,18.0
2024-02-09,TFL-J-481431,Tube,Bank,Victoria,2024-02-09 09:45:00,2024-02-09 10:56:00,3.24,35,City of London,Westminster,71.0
2024-06-19,TFL-J-951019,Tube,Kings Cross,Stratford,2024-06-19 09:29:00,2024-06-19 10:22:00,4.26,33,Camden,Newham,53.0
2024-11-09,TFL-J-431174,Tube,Kings Cross,Victoria,2024-11-09 16:25:00,2024-11-09 17:35:00,4.25,37,Camden,Westminster,70.0
2024-11-10,TFL-J-406907,Tube,Liverpool Street,Paddington,2024-11-10 12:12:00,2024-11-10 12:28:00,3.32,0,City of London,Westminster,16.0
2024-09-20,TFL-J-753575,Overground,Liverpool Street,Canary Wharf,2024-09-20 14:44:00,2024-09-20 15:28:00,4.85,3,City of London,Tower Hamlets,44.0
2024-07-01,TFL-J-251527,Bus,Canary Wharf,Victoria,2024-07-01 09:15:00,2024-07-01 09:58:00,1.75,17,Tower Hamlets,Westminster,43.0
2024-05-10,TFL-J-288225,Tube,Liverpool Street,Bank,2024-05-10 11:47:00,2024-05-10 12:16:00,2.94,2,City of London,City of London,29.0
2024-02-21,TFL-J-525597,Tube,Liverpool Street,Euston,2024-02-21 21:48:00,2024-02-21 22:30:00,4.65,0,City of London,Camden,42.0
2024-12-18,TFL-J-353285,Bus,London Bridge,Euston,2024-12-18 09:07:00,2024-12-18 09:15:00,9.4,4,Southwark,Camden,8.0
2024-12-25,TFL-J-717588,Bus,Waterloo,Victoria,2024-12-25 16:27:00,2024-12-25 16:47:00,1.75,1,Lambeth,Westminster,20.0
2024-02-12,TFL-J-128089,Tube,Kings Cross,Stratford,2024-02-12 08:54:00,2024-02-12 09:19:00,4.17,10,Camden,Newham,25.0
2024-08-12,TFL-J-903925,Bus,London Bridge,Paddington,2024-08-12 08:35:00,2024-08-12 09:10:00,1.75,0,Southwark,Westminster,35.0
2024-05-19,TFL-J-574668,Tube,Canary Wharf,Stratford,2024-05-19 09:54:00,2024-05-19 10:56:00,2.92,24,Tower Hamlets,Newham,62.0
2024-07-01,TFL-J-710681,Overground,Stratford,Waterloo,2024-07-01 16:00:00,2024-07-01 16:07:00,9.4,4,Newham,Lambeth,7.0
2024-07-28,TFL-J-221716,Tube,Euston,Bank,2024-07-28 08:41:00,2024-07-28 09:32:00,5.05,7,Camden,City of London,51.0
2024-02-03,TFL-J-100857,Tube,Paddington,Liverpool Street,2024-02-03 18:35:00,2024-02-03 19:22:00,3.7,9,Westminster,City of London,47.0
2024-12-16,TFL-J-932340,Bus,Waterloo,London Bridge,2024-12-16 09:09:00,2024-12-16 09:55:00,1.75,8,Lambeth,Southwark,46.0
2024-02-28,TFL-J-618168,Tube,Liverpool Street,Kings Cross,2024-02-28 18:11:00,2024-02-28 19:06:00,5.29,14,City of London,Camden,55.0
2024-01-14,TFL-J-537547,Tube,Stratford,Victoria,2024-01-14 08:46:00,2024-01-14 09:21:00,3.46,19,Newham,Westminster,35.0
2024-07-14,TFL-J-868363,Tube,Waterloo,Kings Cross,2024-07-14 09:27:00,2024-07-14 09:51:00,3.54,4,Lambeth,Camden,24.0
2024-08-31,TFL-J-600633,Tube,Kings Cross,Stratford,2024-08-31 08:31:00,2024-08-31 09:24:00,4.01,14,Camden,Newham,53.0
2024-01-31,TFL-J-395855,Tube,Bank,Euston,2024-01-31 09:43:00,2024-01-31 10:45:00,3.39,20,City of London,Camden,62.0
2024-11-25,TFL-J-205498,Bus,Liverpool Street,Bank,2024-11-25 09:51:00,2024-11-25 10:40:00,1.75,19,City of London,City of London,49.0
2024-05-31,TFL-J-295983,Tube,Waterloo,London Bridge,2024-05-31 09:01:00,2024-05-31 09:42:00,3.51,3,Lambeth,Southwark,41.0
2024-08-01,TFL-J-993194,Tube,Liverpool Street,Victoria,2024-08-01 08:46:00,2024-08-01 09:32:00,3.23,8,City of London,Westminster,46.0
2024-11-03,TFL-J-673266,Bus,Stratford,Liverpool Street,2024-11-03 14:27:00,2024-11-03 15:12:00,1.75,4,Newham,City of London,45.0
2024-08-03,TFL-J-725267,Tube,Stratford,London Bridge,2024-08-03 18:46:00,2024-08-03 19:13:00,3.7,8,Newham,Southwark,27.0
2024-01-06,TFL-J-599726,Tube,Victoria,Paddington,2024-01-06 11:56:00,2024-01-06 12:24:00,3.11,8,Westminster,Westminster,28.0
2024-12-17,TFL-J-111066,Tube,Bank,Stratford,2024-12-17 09:38:00,2024-12-17 10:16:00,4.65,2,City of London,Newham,38.0
2024-01-15,TFL-J-902679,Overground,Victoria,Waterloo,2024-01-15 07:11:00,2024-01-15 07:45:00,4.78,11,Westminster,Lambeth,34.0
2024-11-07,TFL-J-447008,Tube,Stratford,Canary Wharf,2024-11-07 18:09:00,2024-11-07 18:52:00,5.14,3,Newham,Tower Hamlets,43.0
2024-01-06,TFL-J-392214,Overground,Kings Cross,Euston,2024-01-06 08:19:00,2024-01-06 09:06:00,5.04,6,Camden,Camden,47.0
2024-09-01,TFL-J-733158,Tube,Canary Wharf,Kings Cross,2024-09-01 22:46:00,2024-09-01 23:19:00,2.82,6,Tower Hamlets,Camden,33.0
2024-08-27,TFL-J-408710,Tube,Stratford,Canary Wharf,2024-08-27 09:18:00,2024-08-27 09:38:00,12.96,0,Newham,Tower Hamlets,20.0
2024-01-30,TFL-J-915476,Bus,London Bridge,Bank,2024-01-30 08:42:00,2024-01-30 09:13:00,5.11,12,Southwark,City of London,31.0
2024-01-15,TFL-J-777588,Tube,Victoria,Kings Cross,2024-01-15 09:54:00,2024-01-15 10:30:00,4.66,3,Westminster,Camden,36.0
2024-09-12,TFL-J-203426,Tube,Victoria,Liverpool Street,2024-09-12 23:46:00,2024-09-13 00:24:00,4.62,1,Westminster,City of London,38.0
2024-07-17,TFL-J-750599,Bus,Euston,Liverpool Street,2024-07-17 16:35:00,2024-07-17 17:05:00,1.75,7,Camden,City of London,30.0
2024-03-19,TFL-J-890382,Bus,Euston,Stratford,2024-03-19 10:12:00,2024-03-19 10:58:00,1.75,1,Camden,Newham,46.0
2024-01-16,TFL-J-460404,Bus,Canary Wharf,Paddington,2024-01-16 11:15:00,2024-01-16 11:43:00,1.75,4,Tower Hamlets,Westminster,28.0
2024-10-09,TFL-J-607691,Bus,Waterloo,Bank,2024-10-09 16:22:00,2024-10-09 16:46:00,1.75,5,Lambeth,City of London,24.0
2024-09-08,TFL-J-912726,Bus,Canary Wharf,Kings Cross,2024-09-08 16:59:00,2024-09-08 17:43:00,3.58,0,Tower Hamlets,Camden,44.0
2024-09-29,TFL-J-855635,Tube,Kings Cross,Bank,2024-09-29 10:13:00,2024-09-29 10:35:00,2.85,2,Camden,City of London,22.0
2024-06-01,TFL-J-313910,Tube,Kings Cross,Waterloo,2024-06-01 14:26:00,2024-06-01 14:57:00,5.39,5,Camden,Lambeth,31.0
2024-09-22,TFL-J-888947,Tube,Paddington,Waterloo,2024-09-22 08:15:00,2024-09-22 08:56:00,3.99,7,Westminster,Lambeth,41.0
2024-05-27,TFL-J-503583,Bus,Bank,Victoria,2024-05-27 23:23:00,2024-05-27 23:48:00,1.75,2,City of London,Westminster,25.0
2024-08-16,TFL-J-585197,Bus,Liverpool Street,Waterloo,2024-08-16 09:13:00,2024-08-16 09:51:00,1.75,5,City of London,Lambeth,38.0
2024-10-09,TFL-J-145305,Overground,Kings Cross,Euston,2024-10-09 09:27:00,2024-10-09 09:29:00,9.4,6,Camden,Camden,2.0
2024-01-05,TFL-J-808131,Bus,Canary Wharf,Paddington,2024-01-05 12:16:00,2024-01-05 13:00:00,1.75,1,Tower Hamlets,Westminster,44.0
2024-09-04,TFL-J-539916,Tube,Canary Wharf,London Bridge,2024-09-04 08:51:00,2024-09-04 09:37:00,5.11,8,Tower Hamlets,Southwark,46.0
2024-07-20,TFL-J-671502,Tube,Canary Wharf,Liverpool Street,2024-07-20 09:46:00,2024-07-20 10:41:00,3.39,13,Tower Hamlets,City of London,55.0
2024-12-10,TFL-J-661811,Bus,Liverpool Street,Stratford,2024-12-10 07:16:00,2024-12-10 07:51:00,3.44,16,City of London,Newham,35.0
2024-02-11,TFL-J-861473,Tube,Bank,Paddington,2024-02-11 07:19:00,2024-02-11 08:08:00,3.29,15,City of London,Westminster,49.0
2024-04-26,TFL-J-157655,Tube,Stratford,Waterloo,2024-04-26 13:30:00,2024-04-26 14:09:00,4.58,1,Newham,Lambeth,39.0
2024-10-27,TFL-J-933977,Tube,London Bridge,Kings Cross,2024-10-27 09:33:00,2024-10-27 10:08:00,3.34,0,Southwark,Camden,35.0
2024-07-19,TFL-J-120376,Bus,Euston,Kings Cross,2024-07-19 16:23:00,2024-07-19 17:12:00,1.75,12,Camden,Camden,49.0
2024-07-30,TFL-J-552454,Tube,Bank,Liverpool Street,2024-07-30 17:42:00,2024-07-30 18:18:00,4.23,15,City of London,City of London,36.0
2024-07-01,TFL-J-587773,Tube,Kings Cross,Bank,2024-07-01 09:52:00,2024-07-01 11:23:00,3.05,47,Camden,City of London,91.0
2024-11-06,TFL-J-107982,Bus,Paddington,Victoria,2024-11-06 07:42:00,2024-11-06 08:48:00,5.05,23,Westminster,Westminster,66.0
2024-08-12,TFL-J-204198,Tube,Canary Wharf,Paddington,2024-08-12 15:44:00,2024-08-12 16:03:00,3.98,2,Tower Hamlets,Westminster,19.0
2024-06-23,TFL-J-214569,Bus,Kings Cross,Waterloo,2024-06-23 09:55:00,2024-06-23 10:19:00,1.75,6,Camden,Lambeth,24.0
2024-05-30,TFL-J-775791,Tube,Stratford,Canary Wharf,2024-05-30 09:25:00,2024-05-30 09:51:00,4.06,5,Newham,Tower Hamlets,26.0
2024-12-20,TFL-J-828900,Bus,Canary Wharf,Euston,2024-12-20 18:46:00,2024-12-20 19:30:00,1.75,2,Tower Hamlets,Camden,44.0
2024-02-25,TFL-J-228649,Bus,Kings Cross,London Bridge,2024-02-25 16:59:00,2024-02-25 17:56:00,1.75,15,Camden,Southwark,57.0
2024-07-14,TFL-J-773389,Bus,Liverpool Street,Victoria,2024-07-14 09:16:00,2024-07-14 09:41:00,1.75,1,City of London,Westminster,25.0
2024-01-20,TFL-J-327912,Bus,Euston,Stratford,2024-01-20 12:22:00,2024-01-20 12:40:00,1.75,0,Camden,Newham,18.0
2024-10-03,TFL-J-305359,Overground,Waterloo,Bank,2024-10-03 21:41:00,2024-10-03 22:24:00,3.33,2,Lambeth,City of London,43.0
2024-08-02,TFL-J-425414,Tube,Euston,Victoria,2024-08-02 17:56:00,2024-08-02 19:58:00,4.42,91,Camden,Westminster,122.0
2024-08-25,TFL-J-874595,Tube,Liverpool Street,Bank,2024-08-25 18:53:00,2024-08-25 19:28:00,4.0,0,City of London,City of London,35.0
2024-06-18,TFL-J-119151,Tube,London Bridge,Paddington,2024-06-18 07:15:00,2024-06-18 07:32:00,2.87,1,Southwark,Westminster,17.0
2024-07-02,TFL-J-167933,Tube,Victoria,Liverpool Street,2024-07-02 17:12:00,2024-07-02 17:20:00,9.4,3,Westminster,City of London,8.0
2024-10-14,TFL-J-452521,Tube,Waterloo,Canary Wharf,2024-10-14 17:11:00,2024-10-14 18:04:00,3.93,14,Lambeth,Tower Hamlets,53.0
2024-01-19,TFL-J-434772,Bus,Paddington,Waterloo,2024-01-19 16:02:00,2024-01-19 16:49:00,1.75,8,Westminster,Lambeth,47.0
2024-09-04,TFL-J-623926,Bus,Bank,Canary Wharf,2024-09-04 07:00:00,2024-09-04 08:02:00,1.75,17,City of London,Tower Hamlets,62.0
2024-10-10,TFL-J-483645,Tube,Victoria,London Bridge,2024-10-10 08:49:00,2024-10-10 09:33:00,3.24,3,Westminster,Southwark,44.0
2024-05-01,TFL-J-801691,Bus,Paddington,Canary Wharf,2024-05-01 10:20:00,2024-05-01 11:04:00,1.75,0,Westminster,Tower Hamlets,44.0
2024-01-03,TFL-J-748296,Bus,Liverpool Street,Waterloo,2024-01-03 17:24:00,2024-01-03 18:11:00,4.6,10,City of London,Lambeth,47.0
2024-01-05,TFL-J-626169,Bus,Stratford,Paddington,2024-01-05 18:28:00,2024-01-05 19:13:00,1.75,6,Newham,Westminster,45.0
2024-12-22,TFL-J-227137,Tube,Paddington,Waterloo,2024-12-22 16:09:00,2024-12-22 16:36:00,4.12,2,Westminster,Lambeth,27.0
2024-02-04,TFL-J-516738,Bus,Bank,Victoria,2024-02-04 16:46:00,2024-02-04 17:38:00,1.75,14,City of London,Westminster,52.0
2024-10-10,TFL-J-960872,Tube,Kings Cross,London Bridge,2024-10-10 07:04:00,2024-10-10 07:37:00,5.12,3,Camden,Southwark,33.0
2024-01-05,TFL-J-128759,Bus,Canary Wharf,London Bridge,2024-01-05 11:45:00,2024-01-05 12:22:00,1.75,13,Tower Hamlets,Southwark,37.0
2024-03-24,TFL-J-751052,Bus,Victoria,Paddington,2024-03-24 13:28:00,2024-03-24 13:48:00,1.75,0,Westminster,Westminster,20.0
2024-03-19,TFL-J-618866,Tube,Euston,Canary Wharf,2024-03-19 08:09:00,2024-03-19 08:26:00,9.1,1,Camden,Tower Hamlets,17.0
2024-09-10,TFL-J-796002,Overground,Liverpool Street,London Bridge,2024-09-10 08:09:00,2024-09-10 08:40:00,3.13,9,City of London,Southwark,31.0
2024-01-13,TFL-J-494966,Tube,Victoria,Kings Cross,2024-01-13 12:39:00,2024-01-13 13:01:00,5.09,0,Westminster,Camden,22.0
2024-02-03,TFL-J-457784,Bus,Victoria,Bank,2024-02-03 07:35:00,2024-02-03 08:34:00,1.75,15,Westminster,City of London,59.0
2024-12-09,TFL-J-430238,Tube,Paddington,Waterloo,2024-12-09 08:00:00,2024-12-09 09:00:00,3.85,31,Westminster,Lambeth,60.0
2024-10-05,TFL-J-449786,Tube,Canary Wharf,Waterloo,2024-10-05 13:24:00,2024-10-05 13:49:00,2.84,4,Tower Hamlets,Lambeth,25.0
2024-08-25,TFL-J-881247,Tube,Stratford,Bank,2024-08-25 08:26:00,2024-08-25 09:06:00,11.36,2,Newham,City of London,40.0
2024-09-21,TFL-J-795761,Tube,Canary Wharf,Victoria,2024-09-21 19:22:00,2024-09-21 20:00:00,2.85,2,Tower Hamlets,Westminster,38.0
2024-09-23,TFL-J-279377,Tube,Euston,Stratford,2024-09-23 15:36:00,2024-09-23 16:06:00,5.19,5,Camden,Newham,30.0
2024-12-29,TFL-J-900454,Tube,Bank,Liverpool Street,2024-12-29 13:44:00,2024-12-29 14:15:00,3.48,2,City of London,City of London,31.0
2024-02-15,TFL-J-220428,Tube,Euston,Victoria,2024-02-15 09:18:00,2024-02-15 10:02:00,3.39,0,Camden,Westminster,44.0
2024-01-12,TFL-J-150061,Bus,London Bridge,Bank,2024-01-12 19:59:00,2024-01-12 20:38:00,1.75,2,Southwark,City of London,39.0
2024-10-01,TFL-J-368117,Tube,Bank,Kings Cross,2024-10-01 14:46:00,2024-10-01 15:05:00,4.95,4,City of London,Camden,19.0
2024-03-09,TFL-J-524493,Tube,Euston,Paddington,2024-03-09 07:29:00,2024-03-09 07:58:00,5.18,11,Camden,Westminster,29.0
2024-10-17,TFL-J-239252,Tube,Paddington,Euston,2024-10-17 19:48:00,2024-10-17 20:25:00,5.26,4,Westminster,Camden,37.0
2024-06-06,TFL-J-859193,Bus,Canary Wharf,Liverpool Street,2024-06-06 09:13:00,2024-06-06 09:42:00,1.75,0,Tower Hamlets,City of London,29.0
2024-11-17,TFL-J-586611,Bus,Kings Cross,Victoria,2024-11-17 07:16:00,2024-11-17 07:47:00,1.75,6,Camden,Westminster,31.0
2024-01-22,TFL-J-612381,Tube,Canary Wharf,Stratford,2024-01-22 12:12:00,2024-01-22 12:32:00,4.55,0,Tower Hamlets,Newham,20.0
2024-05-02,TFL-J-727167,Bus,Victoria,Euston,2024-05-02 10:56:00,2024-05-02 11:30:00,1.75,9,Westminster,Camden,34.0
2024-09-01,TFL-J-765248,Bus,Euston,Paddington,2024-09-01 19:39:00,2024-09-01 20:10:00,1.75,2,Camden,Westminster,31.0
2024-04-30,TFL-J-722653,Bus,London Bridge,Waterloo,2024-04-30 16:42:00,2024-04-30 17:22:00,1.75,7,Southwark,Lambeth,40.0
2024-10-17,TFL-J-781994,Tube,Canary Wharf,Victoria,2024-10-17 10:36:00,2024-10-17 10:56:00,2.95,0,Tower Hamlets,Westminster,20.0
2024-02-20,TFL-J-348764,Tube,Stratford,Victoria,2024-02-20 11:59:00,2024-02-20 12:45:00,5.05,2,Newham,Westminster,46.0
2024-01-08,TFL-J-500848,Tube,London Bridge,Kings Cross,2024-01-08 20:28:00,2024-01-08 21:22:00,3.67,13,Southwark,Camden,54.0
2024-08-24,TFL-J-948290,Tube,Waterloo,London Bridge,2024-08-24 18:13:00,2024-08-24 18:42:00,5.13,0,Lambeth,Southwark,29.0
2024-03-06,TFL-J-780679,Tube,Canary Wharf,Liverpool Street,2024-03-06 23:08:00,2024-03-06 23:43:00,4.41,5,Tower Hamlets,City of London,35.0
2024-12-22,TFL-J-704223,Tube,Victoria,Bank,2024-12-22 18:23:00,2024-12-22 18:45:00,3.64,2,Westminster,City of London,22.0
2024-11-08,TFL-J-697637,Bus,Paddington,Waterloo,2024-11-08 08:42:00,2024-11-08 09:13:00,1.75,2,Westminster,Lambeth,31.0
2024-12-08,TFL-J-281655,Tube,London Bridge,Victoria,2024-12-08 13:03:00,2024-12-08 13:45:00,3.26,0,Southwark,Westminster,42.0
2024-09-16,TFL-J-411830,Tube,Liverpool Street,Waterloo,2024-09-16 18:23:00,2024-09-16 19:03:00,5.4,23,City of London,Lambeth,40.0
2024-03-01,TFL-J-859153,Tube,Victoria,Bank,2024-03-01 08:41:00,2024-03-01 09:00:00,4.85,2,Westminster,City of London,19.0
2024-08-12,TFL-J-412827,Bus,London Bridge,Bank,2024-08-12 23:11:00,2024-08-12 23:55:00,1.75,2,Southwark,City of London,44.0
2024-06-13,TFL-J-877326,Tube,Stratford,Bank,2024-06-13 13:13:00,2024-06-13 13:52:00,3.59,0,Newham,City of London,39.0
2024-12-30,TFL-J-311100,Tube,Bank,London Bridge,2024-12-30 14:36:00,2024-12-30 15:27:00,4.26,6,City of London,Southwark,51.0
2024-02-29,TFL-J-566467,Tube,Victoria,Liverpool Street,2024-02-29 09:15:00,2024-02-29 09:34:00,4.99,4,Westminster,City of London,19.0
2024-01-08,TFL-J-267254,Bus,London Bridge,Waterloo,2024-01-08 14:55:00,2024-01-08 15:39:00,1.75,7,Southwark,Lambeth,44.0
2024-03-27,TFL-J-586003,Tube,Waterloo,Paddington,2024-03-27 18:20:00,2024-03-27 18:50:00,4.53,0,Lambeth,Westminster,30.0
2024-09-14,TFL-J-953063,Bus,Waterloo,Kings Cross,2024-09-14 09:15:00,2024-09-14 09:54:00,1.75,16,Lambeth,Camden,39.0
2024-04-13,TFL-J-394411,Tube,Euston,Stratford,2024-04-13 19:17:00,2024-04-13 19:41:00,4.58,2,Camden,Newham,24.0
2024-02-20,TFL-J-241353,Tube,Kings Cross,Euston,2024-02-20 15:21:00,2024-02-20 16:03:00,7.63,2,Camden,Camden,42.0
2024-02-09,TFL-J-701494,Tube,London Bridge,Waterloo,2024-02-09 12:07:00,2024-02-09 12:24:00,4.83,0,Southwark,Lambeth,17.0
2024-03-09,TFL-J-535724,Bus,Euston,Stratford,2024-03-09 14:17:00,2024-03-09 14:40:00,1.75,2,Camden,Newham,23.0
2024-04-10,TFL-J-765324,Bus,Victoria,Canary Wharf,2024-04-10 09:51:00,2024-04-10 10:30:00,1.75,6,Westminster,Tower Hamlets,39.0
2024-06-03,TFL-J-647843,Tube,Canary Wharf,Kings Cross,2024-06-03 17:51:00,2024-06-03 18:07:00,4.61,0,Tower Hamlets,Camden,16.0
2024-12-05,TFL-J-480010,Bus,Waterloo,Canary Wharf,2024-12-05 19:46:00,2024-12-05 20:37:00,1.75,11,Lambeth,Tower Hamlets,51.0
2024-11-18,TFL-J-416171,Tube,Canary Wharf,Victoria,2024-11-18 10:16:00,2024-11-18 11:02:00,4.17,3,Tower Hamlets,Westminster,46.0
2024-03-20,TFL-J-403221,Tube,Victoria,Euston,2024-03-20 10:29:00,2024-03-20 10:59:00,4.85,1,Westminster,Camden,30.0
2024-12-05,TFL-J-570276,Tube,Euston,Bank,2024-12-05 10:06:00,2024-12-05 10:43:00,10.36,3,Camden,City of London,37.0
2024-08-24,TFL-J-112711,Bus,Stratford,London Bridge,2024-08-24 18:28:00,2024-08-24 18:57:00,1.75,11,Newham,Southwark,29.0
2024-03-23,TFL-J-862437,Tube,Canary Wharf,Euston,2024-03-23 07:16:00,2024-03-23 08:15:00,5.03,30,Tower Hamlets,Camden,59.0
2024-12-24,TFL-J-865085,Tube,Bank,Euston,2024-12-24 18:17:00,2024-12-24 18:49:00,4.01,1,City of London,Camden,32.0
2024-01-29,TFL-J-690308,Tube,Canary Wharf,Victoria,2024-01-29 16:11:00,2024-01-29 16:40:00,4.28,10,Tower Hamlets,Westminster,29.0
2024-02-26,TFL-J-720257,Tube,Victoria,Kings Cross,2024-02-26 22:31:00,2024-02-26 22:51:00,4.53,0,Westminster,Camden,20.0
2024-09-24,TFL-J-637158,Tube,Bank,Liverpool Street,2024-09-24 08:46:00,2024-09-24 08:55:00,9.4,1,City of London,City of London,9.0
2024-12-24,TFL-J-999072,Tube,London Bridge,Paddington,2024-12-24 07:45:00,2024-12-24 08:35:00,4.13,5,Southwark,Westminster,50.0
2024-12-07,TFL-J-135728,Tube,Stratford,Canary Wharf,2024-12-07 07:12:00,2024-12-07 07:47:00,4.84,3,Newham,Tower Hamlets,35.0
2024-01-31,TFL-J-194028,Tube,Liverpool Street,Paddington,2024-01-31 16:46:00,2024-01-31 17:42:00,3.48,26,City of London,Westminster,56.0
2024-06-10,TFL-J-997701,Overground,Kings Cross,Paddington,2024-06-10 07:28:00,2024-06-10 07:50:00,4.48,7,Camden,Westminster,22.0
2024-10-30,TFL-J-583050,Tube,Euston,Waterloo,2024-10-30 22:55:00,2024-10-30 23:25:00,3.99,1,Camden,Lambeth,30.0
2024-09-10,TFL-J-285893,Tube,Paddington,Kings Cross,2024-09-10 07:14:00,2024-09-10 07:40:00,3.44,9,Westminster,Camden,26.0
2024-11-17,TFL-J-241998,Bus,Liverpool Street,Euston,2024-11-17 21:42:00,2024-11-17 22:29:00,1.75,3,City of London,Camden,47.0
2024-08-30,TFL-J-405565,Tube,Bank,Waterloo,2024-08-30 07:27:00,2024-08-30 08:00:00,10.31,8,City of London,Lambeth,33.0
2024-10-31,TFL-J-741961,Tube,Victoria,Euston,2024-10-31 09:18:00,2024-10-31 09:39:00,4.55,3,Westminster,Camden,21.0
2024-12-04,TFL-J-655891,Tube,Victoria,London Bridge,2024-12-04 19:55:00,2024-12-04 20:27:00,4.71,1,Westminster,Southwark,32.0
2024-10-24,TFL-J-235751,Tube,Waterloo,Canary Wharf,2024-10-24 10:36:00,2024-10-24 11:02:00,4.99,0,Lambeth,Tower Hamlets,26.0
2024-02-13,TFL-J-884109,Bus,Kings Cross,London Bridge,2024-02-13 21:30:00,2024-02-13 22:05:00,3.42,5,Camden,Southwark,35.0
2024-05-01,TFL-J-126816,Overground,London Bridge,Bank,2024-05-01 07:02:00,2024-05-01 07:31:00,2.9,12,Southwark,City of London,29.0
2024-05-22,TFL-J-198438,Tube,Victoria,Waterloo,2024-05-22 08:23:00,2024-05-22 08:55:00,3.5,3,Westminster,Lambeth,32.0
2024-06-23,TFL-J-418525,Tube,Canary Wharf,Euston,2024-06-23 09:41:00,2024-06-23 10:32:00,3.91,10,Tower Hamlets,Camden,51.0
2024-12-22,TFL-J-593073,Bus,Canary Wharf,Waterloo,2024-12-22 17:28:00,2024-12-22 18:09:00,1.75,11,Tower Hamlets,Lambeth,41.0
2024-12-18,TFL-J-870833,Tube,London Bridge,Bank,2024-12-18 20:11:00,2024-12-18 20:37:00,4.26,0,Southwark,City of London,26.0
2024-02-02,TFL-J-665393,Tube,Waterloo,Liverpool Street,2024-02-02 13:19:00,2024-02-02 13:50:00,7.59,2,Lambeth,City of London,31.0
2024-12-18,TFL-J-108312,Overground,Canary Wharf,Euston,2024-12-18 21:24:00,2024-12-18 21:59:00,3.96,0,Tower Hamlets,Camden,35.0
2024-10-26,TFL-J-840341,Tube,Liverpool Street,Canary Wharf,2024-10-26 13:58:00,2024-10-26 14:22:00,3.28,2,City of London,Tower Hamlets,24.0
2024-01-10,TFL-J-828680,Tube,Liverpool Street,Bank,2024-01-10 18:59:00,2024-01-10 19:42:00,3.13,10,City of London,City of London,43.0
2024-03-03,TFL-J-985814,Bus,Kings Cross,Bank,2024-03-03 17:41:00,2024-03-03 18:10:00,1.75,11,Camden,City of London,29.0
2024-01-19,TFL-J-244846,Overground,Stratford,Liverpool Street,2024-01-19 17:44:00,2024-01-19 17:51:00,9.4,10,Newham,City of London,7.0
2024-11-24,TFL-J-115421,Tube,Paddington,Canary Wharf,2024-11-24 08:37:00,2024-11-24 09:36:00,2.98,19,Westminster,Tower Hamlets,59.0
2024-12-05,TFL-J-283520,Tube,Waterloo,Euston,2024-12-05 07:15:00,2024-12-05 07:49:00,4.79,9,Lambeth,Camden,34.0
2024-05-10,TFL-J-294426,Tube,Paddington,Kings Cross,2024-05-10 17:46:00,2024-05-10 18:44:00,3.73,18,Westminster,Camden,58.0
2024-01-15,TFL-J-516074,Tube,Bank,Waterloo,2024-01-15 20:34:00,2024-01-15 21:18:00,4.36,0,City of London,Lambeth,44.0
2024-08-07,TFL-J-479902,Tube,Liverpool Street,Canary Wharf,2024-08-07 16:29:00,2024-08-07 17:05:00,4.1,7,City of London,Tower Hamlets,36.0
2024-07-02,TFL-J-624565,Tube,Bank,London Bridge,2024-07-02 17:37:00,2024-07-02 17:39:00,9.4,10,City of London,Southwark,2.0
2024-01-09,TFL-J-227090,Tube,Canary Wharf,Paddington,2024-01-09 18:48:00,2024-01-09 19:44:00,5.15,27,Tower Hamlets,Westminster,56.0
2024-06-18,TFL-J-517330,Bus,Stratford,Waterloo,2024-06-18 17:11:00,2024-06-18 17:58:00,1.75,3,Newham,Lambeth,47.0
2024-09-18,TFL-J-719911,Tube,Euston,Stratford,2024-09-18 23:36:00,2024-09-19 00:24:00,5.36,3,Camden,Newham,48.0
2024-07-20,TFL-J-427155,Tube,Paddington,London Bridge,2024-07-20 07:37:00,2024-07-20 08:15:00,3.28,7,Westminster,Southwark,38.0
2024-10-17,TFL-J-759181,Tube,Paddington,Euston,2024-10-17 20:42:00,2024-10-17 21:09:00,4.49,1,Westminster,Camden,27.0
2024-02-21,TFL-J-168134,Tube,London Bridge,Kings Cross,2024-02-21 07:20:00,2024-02-21 07:44:00,3.74,0,Southwark,Camden,24.0
2024-02-28,TFL-J-367932,Tube,Waterloo,Stratford,2024-02-28 16:56:00,2024-02-28 17:50:00,4.36,13,Lambeth,Newham,54.0
2024-09-02,TFL-J-416216,Bus,Bank,Liverpool Street,2024-09-02 09:06:00,2024-09-02 10:01:00,1.75,12,City of London,City of London,55.0
2024-05-18,TFL-J-664764,Tube,Stratford,Canary Wharf,2024-05-18 08:52:00,2024-05-18 09:46:00,3.1,16,Newham,Tower Hamlets,54.0
2024-06-30,TFL-J-904477,Tube,Victoria,Canary Wharf,2024-06-30 07:58:00,2024-06-30 08:16:00,4.55,0,Westminster,Tower Hamlets,18.0
2024-01-19,TFL-J-547984,Bus,Bank,Liverpool Street,2024-01-19 08:17:00,2024-01-19 08:42:00,1.75,5,City of London,City of London,25.0
2024-04-15,TFL-J-185899,Tube,London Bridge,Waterloo,2024-04-15 20:28:00,2024-04-15 21:01:00,4.62,0,Southwark,Lambeth,33.0
2024-10-07,TFL-J-771737,Bus,Euston,Kings Cross,2024-10-07 14:19:00,2024-10-07 14:56:00,1.75,0,Camden,Camden,37.0
2024-05-30,TFL-J-601484,Overground,Bank,London Bridge,2024-05-30 16:24:00,2024-05-30 17:01:00,3.5,12,City of London,Southwark,37.0
2024-06-02,TFL-J-568116,Tube,Bank,Kings Cross,2024-06-02 09:27:00,2024-06-02 10:14:00,3.69,20,City of London,Camden,47.0
2024-08-26,TFL-J-686902,Bus,Victoria,Waterloo,2024-08-26 17:01:00,2024-08-26 17:43:00,1.75,12,Westminster,Lambeth,42.0
2024-10-23,TFL-J-140776,Tube,Paddington,Kings Cross,2024-10-23 18:55:00,2024-10-23 19:44:00,3.87,11,Westminster,Camden,49.0
2024-03-27,TFL-J-340467,Tube,Canary Wharf,Liverpool Street,2024-03-27 20:24:00,2024-03-27 21:06:00,4.52,6,Tower Hamlets,City of London,42.0
2024-08-11,TFL-J-557555,Tube,Bank,Paddington,2024-08-11 13:07:00,2024-08-11 13:23:00,2.89,1,City of London,Westminster,16.0
2024-09-06,TFL-J-517275,Bus,Paddington,Bank,2024-09-06 17:14:00,2024-09-06 17:55:00,1.75,5,Westminster,City of London,41.0
2024-12-13,TFL-J-415758,Tube,Waterloo,Canary Wharf,2024-12-13 08:13:00,2024-12-13 08:31:00,3.13,0,Lambeth,Tower Hamlets,18.0
2024-07-04,TFL-J-354508,Tube,Liverpool Street,Stratford,2024-07-04 17:57:00,2024-07-04 18:25:00,5.28,10,City of London,Newham,28.0
2024-06-11,TFL-J-650295,Tube,Stratford,London Bridge,2024-06-11 18:07:00,2024-06-11 18:50:00,4.37,15,Newham,Southwark,43.0
2024-09-28,TFL-J-419340,Tube,London Bridge,Victoria,2024-09-28 18:26:00,2024-09-28 19:16:00,4.64,13,Southwark,Westminster,50.0
2024-10-07,TFL-J-336999,Bus,Paddington,Stratford,2024-10-07 07:43:00,2024-10-07 08:24:00,1.75,1,Westminster,Newham,41.0
2024-09-08,TFL-J-405178,Tube,London Bridge,Waterloo,2024-09-08 09:09:00,2024-09-08 10:30:00,3.02,36,Southwark,Lambeth,81.0
2024-06-24,TFL-J-471472,Bus,London Bridge,Waterloo,2024-06-24 18:06:00,2024-06-24 18:33:00,1.75,4,Southwark,Lambeth,27.0
2024-05-20,TFL-J-640915,Bus,Paddington,Liverpool Street,2024-05-20 08:20:00,2024-05-20 08:47:00,1.75,3,Westminster,City of London,27.0
2024-12-10,TFL-J-297144,Bus,Victoria,Canary Wharf,2024-12-10 16:57:00,2024-12-10 17:29:00,1.75,7,Westminster,Tower Hamlets,32.0
2024-01-24,TFL-J-645280,Bus,Stratford,Victoria,2024-01-24 09:30:00,2024-01-24 09:35:00,9.4,0,Newham,Westminster,5.0
2024-10-13,TFL-J-327356,Tube,Paddington,London Bridge,2024-10-13 12:14:00,2024-10-13 12:35:00,2.89,1,Westminster,Southwark,21.0
2024-07-19,TFL-J-929598,Bus,Kings Cross,Stratford,2024-07-19 11:41:00,2024-07-19 12:26:00,1.75,0,Camden,Newham,45.0
2024-04-11,TFL-J-722823,Tube,Liverpool Street,Bank,2024-04-11 17:14:00,2024-04-11 18:06:00,5.46,21,City of London,City of London,52.0
2024-08-19,TFL-J-890355,Tube,Canary Wharf,Waterloo,2024-08-19 08:54:00,2024-08-19 09:26:00,5.48,8,Tower Hamlets,Lambeth,32.0
2024-04-07,TFL-J-139486,Tube,Canary Wharf,Waterloo,2024-04-07 07:23:00,2024-04-07 08:09:00,4.32,3,Tower Hamlets,Lambeth,46.0
2024-01-10,TFL-J-169491,Tube,Paddington,Victoria,2024-01-10 07:17:00,2024-01-10 08:05:00,5.39,7,Westminster,Westminster,48.0
2024-07-02,TFL-J-469108,Overground,Euston,Canary Wharf,2024-07-02 07:07:00,2024-07-02 07:42:00,4.66,9,Camden,Tower Hamlets,35.0
2024-10-30,TFL-J-295014,Overground,Euston,Victoria,2024-10-30 17:00:00,2024-10-30 17:37:00,5.47,15,Camden,Westminster,37.0
2024-07-08,TFL-J-288035,Bus,Bank,Liverpool Street,2024-07-08 08:43:00,2024-07-08 09:15:00,1.75,5,City of London,City of London,32.0
2024-01-20,TFL-J-127310,Tube,Stratford,Victoria,2024-01-20 08:38:00,2024-01-20 09:08:00,3.5,0,Newham,Westminster,30.0
2024-12-08,TFL-J-940146,Tube,Bank,Euston,2024-12-08 07:33:00,2024-12-08 08:05:00,4.32,3,City of London,Camden,32.0
2024-07-11,TFL-J-139398,Overground,Paddington,Bank,2024-07-11 17:46:00,2024-07-11 18:09:00,4.58,0,Westminster,City of London,23.0
2024-11-15,TFL-J-177433,Overground,Victoria,Euston,2024-11-15 07:02:00,2024-11-15 07:30:00,4.19,2,Westminster,Camden,28.0
2024-04-03,TFL-J-524439,Tube,Waterloo,Canary Wharf,2024-04-03 17:16:00,2024-04-03 18:02:00,3.97,4,Lambeth,Tower Hamlets,46.0
2024-06-13,TFL-J-863267,Tube,Bank,London Bridge,2024-06-13 17:28:00,2024-06-13 18:36:00,4.48,31,City of London,Southwark,68.0
2024-09-10,TFL-J-722580,Bus,Kings Cross,Bank,2024-09-10 09:49:00,2024-09-10 10:35:00,1.75,10,Camden,City of London,46.0
2024-05-10,TFL-J-533692,Bus,London Bridge,Waterloo,2024-05-10 08:23:00,2024-05-10 09:08:00,1.75,15,Southwark,Lambeth,45.0
2024-11-17,TFL-J-451453,Tube,Stratford,London Bridge,2024-11-17 23:31:00,2024-11-18 00:00:00,3.85,7,Newham,Southwark,29.0
2024-01-02,TFL-J-520580,Bus,Euston,Canary Wharf,2024-01-02 08:26:00,2024-01-02 09:11:00,1.75,14,Camden,Tower Hamlets,45.0
2024-09-05,TFL-J-447811,Tube,Waterloo,Euston,2024-09-05 17:07:00,2024-09-05 17:48:00,4.53,0,Lambeth,Camden,41.0
2024-01-29,TFL-J-215444,Bus,Waterloo,London Bridge,2024-01-29 14:28:00,2024-01-29 14:54:00,1.75,1,Lambeth,Southwark,26.0
2024-06-06,TFL-J-737890,Tube,Stratford,Paddington,2024-06-06 08:38:00,2024-06-06 09:13:00,3.78,19,Newham,Westminster,35.0
2024-05-20,TFL-J-712874,Tube,Liverpool Street,Bank,2024-05-20 15:46:00,2024-05-20 16:06:00,4.82,0,City of London,City of London,20.0
2024-12-11,TFL-J-483278,Overground,Liverpool Street,Canary Wharf,2024-12-11 08:42:00,2024-12-11 09:10:00,4.45,2,City of London,Tower Hamlets,28.0
2024-12-19,TFL-J-301418,Tube,Paddington,Bank,2024-12-19 09:43:00,2024-12-19 10:43:00,3.55,27,Westminster,City of London,60.0
2024-06-04,TFL-J-751951,Overground,Canary Wharf,Paddington,2024-06-04 07:36:00,2024-06-04 08:33:00,3.83,13,Tower Hamlets,Westminster,57.0
2024-07-09,TFL-J-347770,Tube,Euston,Stratford,2024-07-09 16:11:00,2024-07-09 16:36:00,2.98,2,Camden,Newham,25.0
2024-01-05,TFL-J-814642,Tube,Bank,Paddington,2024-01-05 08:59:00,2024-01-05 09:43:00,4.17,3,City of London,Westminster,44.0
2024-08-17,TFL-J-876531,Bus,Paddington,Victoria,2024-08-17 08:21:00,2024-08-17 08:39:00,1.75,0,Westminster,Westminster,18.0
2024-12-12,TFL-J-725005,Bus,Bank,Canary Wharf,2024-12-12 08:37:00,2024-12-12 09:11:00,4.76,4,City of London,Tower Hamlets,34.0
2024-10-12,TFL-J-511451,Tube,Bank,Victoria,2024-10-12 07:29:00,2024-10-12 07:53:00,3.42,2,City of London,Westminster,24.0
2024-11-19,TFL-J-439299,Tube,Euston,London Bridge,2024-11-19 21:14:00,2024-11-19 21:53:00,4.43,5,Camden,Southwark,39.0
2024-01-10,TFL-J-989955,Bus,Liverpool Street,Kings Cross,2024-01-10 20:22:00,2024-01-10 20:51:00,1.75,0,City of London,Camden,29.0
2024-06-19,TFL-J-112039,Tube,Bank,Stratford,2024-06-19 18:28:00,2024-06-19 19:10:00,5.12,21,City of London,Newham,42.0
2024-02-17,TFL-J-397849,Tube,Kings Cross,Euston,2024-02-17 17:40:00,2024-02-17 18:06:00,4.25,6,Camden,Camden,26.0
2024-05-07,TFL-J-562654,Bus,Paddington,Liverpool Street,2024-05-07 22:56:00,2024-05-07 23:24:00,1.75,0,Westminster,City of London,28.0
2024-10-15,TFL-J-739343,Tube,Bank,Stratford,2024-10-15 13:28:00,2024-10-15 14:05:00,3.26,4,City of London,Newham,37.0
2024-05-23,TFL-J-285340,Tube,Canary Wharf,Stratford,2024-05-23 08:05:00,2024-05-23 08:39:00,5.07,6,Tower Hamlets,Newham,34.0
2024-10-22,TFL-J-883377,Tube,Canary Wharf,Victoria,2024-10-22 17:56:00,2024-10-22 18:22:00,3.15,11,Tower Hamlets,Westminster,26.0
2024-06-10,TFL-J-171883,Bus,Euston,London Bridge,2024-06-10 17:05:00,2024-06-10 17:42:00,1.75,9,Camden,Southwark,37.0
2024-02-06,TFL-J-381227,Bus,London Bridge,Liverpool Street,2024-02-06 08:11:00,2024-02-06 09:07:00,1.75,17,Southwark,City of London,56.0
2024-11-11,TFL-J-667194,Tube,Stratford,Paddington,2024-11-11 08:08:00,2024-11-11 09:29:00,4.47,53,Newham,Westminster,81.0
2024-11-29,TFL-J-359534,Tube,Canary Wharf,Paddington,2024-11-29 12:53:00,2024-11-29 13:31:00,3.17,0,Tower Hamlets,Westminster,38.0
2024-05-28,TFL-J-754974,Overground,Stratford,Victoria,2024-05-28 17:53:00,2024-05-28 18:45:00,5.29,21,Newham,Westminster,52.0
2024-09-18,TFL-J-720440,Tube,Euston,Paddington,2024-09-18 18:13:00,2024-09-18 18:37:00,4.05,4,Camden,Westminster,24.0
2024-12-01,TFL-J-218794,Bus,London Bridge,Bank,2024-12-01 08:05:00,2024-12-01 08:31:00,1.75,6,Southwark,City of London,26.0
2024-09-21,TFL-J-190451,Bus,Bank,Waterloo,2024-09-21 07:52:00,2024-09-21 07:56:00,9.4,1,City of London,Lambeth,4.0
2024-10-07,TFL-J-535321,Tube,Kings Cross,Euston,2024-10-07 17:10:00,2024-10-07 18:02:00,4.3,10,Camden,Camden,52.0
2024-11-05,TFL-J-671569,Tube,Waterloo,Kings Cross,2024-11-05 09:14:00,2024-11-05 09:47:00,3.69,11,Lambeth,Camden,33.0
2024-03-16,TFL-J-978844,Bus,Victoria,Stratford,2024-03-16 08:25:00,2024-03-16 08:59:00,1.75,0,Westminster,Newham,34.0
2024-09-23,TFL-J-844171,Tube,Euston,Victoria,2024-09-23 18:53:00,2024-09-23 19:13:00,3.38,0,Camden,Westminster,20.0
2024-06-27,TFL-J-584501,Tube,Waterloo,London Bridge,2024-06-27 14:41:00,2024-06-27 15:07:00,3.86,1,Lambeth,Southwark,26.0
2024-11-24,TFL-J-180770,Tube,Kings Cross,Waterloo,2024-11-24 09:28:00,2024-11-24 10:14:00,4.59,1,Camden,Lambeth,46.0
2024-04-11,TFL-J-813998,Tube,Euston,Victoria,2024-04-11 08:36:00,2024-04-11 09:23:00,11.86,6,Camden,Westminster,47.0
2024-03-28,TFL-J-399807,Tube,Kings Cross,Stratford,2024-03-28 15:25:00,2024-03-28 16:15:00,8.68,7,Camden,Newham,50.0
2024-04-26,TFL-J-269742,Tube,Bank,London Bridge,2024-04-26 09:51:00,2024-04-26 10:19:00,5.4,0,City of London,Southwark,28.0
2024-02-27,TFL-J-469853,Bus,Canary Wharf,Euston,2024-02-27 07:10:00,2024-02-27 07:41:00,1.75,8,Tower Hamlets,Camden,31.0
2024-02-09,TFL-J-225348,Bus,Stratford,London Bridge,2024-02-09 17:16:00,2024-02-09 17:31:00,1.75,0,Newham,Southwark,15.0
2024-04-20,TFL-J-822752,Tube,Stratford,Bank,2024-04-20 15:06:00,2024-04-20 15:49:00,4.31,4,Newham,City of London,43.0
2024-01-07,TFL-J-254173,Bus,Liverpool Street,Euston,2024-01-07 17:55:00,2024-01-07 18:21:00,3.64,5,City of London,Camden,26.0
2024-10-16,TFL-J-442315,Tube,Paddington,Bank,2024-10-16 07:03:00,2024-10-16 07:50:00,3.44,16,Westminster,City of London,47.0
2024-02-23,TFL-J-431845,Tube,Waterloo,Bank,2024-02-23 15:05:00,2024-02-23 15:26:00,3.76,1,Lambeth,City of London,21.0
2024-03-04,TFL-J-629035,Bus,Waterloo,Euston,2024-03-04 09:15:00,2024-03-04 10:15:00,1.75,22,Lambeth,Camden,60.0
2024-12-16,TFL-J-450868,Tube,Victoria,Canary Wharf,2024-12-16 14:43:00,2024-12-16 15:29:00,3.17,1,Westminster,Tower Hamlets,46.0
2024-07-05,TFL-J-659757,Tube,Waterloo,Euston,2024-07-05 07:56:00,2024-07-05 08:44:00,2.95,3,Lambeth,Camden,48.0
2024-06-21,TFL-J-817500,Tube,Stratford,Victoria,2024-06-21 13:54:00,2024-06-21 14:31:00,3.45,0,Newham,Westminster,37.0
2024-09-25,TFL-J-241660,Overground,Kings Cross,Bank,2024-09-25 10:25:00,2024-09-25 11:07:00,4.69,3,Camden,City of London,42.0
2024-11-11,TFL-J-627508,Bus,Kings Cross,Euston,2024-11-11 09:55:00,2024-11-11 10:28:00,1.75,1,Camden,Camden,33.0
2024-10-09,TFL-J-102349,Tube,Paddington,Bank,2024-10-09 07:07:00,2024-10-09 07:24:00,3.08,0,Westminster,City of London,17.0
2024-11-22,TFL-J-803894,Bus,Victoria,Kings Cross,2024-11-22 16:55:00,2024-11-22 17:50:00,1.75,27,Westminster,Camden,55.0
2024-09-02,TFL-J-352539,Tube,Waterloo,Bank,2024-09-02 07:45:00,2024-09-02 08:08:00,4.57,8,Lambeth,City of London,23.0
2024-02-16,TFL-J-685649,Bus,Liverpool Street,Stratford,2024-02-16 18:28:00,2024-02-16 18:56:00,1.75,2,City of London,Newham,28.0
2024-12-02,TFL-J-841322,Tube,Paddington,Kings Cross,2024-12-02 09:40:00,2024-12-02 10:03:00,5.44,0,Westminster,Camden,23.0
2024-12-08,TFL-J-303958,Bus,Euston,London Bridge,2024-12-08 18:01:00,2024-12-08 18:52:00,1.75,10,Camden,Southwark,51.0
2024-03-13,TFL-J-662929,Bus,Liverpool Street,Waterloo,2024-03-13 08:14:00,2024-03-13 08:30:00,1.75,0,City of London,Lambeth,16.0
2024-06-07,TFL-J-761317,Tube,Victoria,Kings Cross,2024-06-07 11:15:00,2024-06-07 11:50:00,4.71,1,Westminster,Camden,35.0
2024-03-03,TFL-J-547734,Tube,Stratford,Paddington,2024-03-03 23:07:00,2024-03-03 23:28:00,4.89,0,Newham,Westminster,21.0
2024-04-08,TFL-J-525830,Tube,Stratford,London Bridge,2024-04-08 13:35:00,2024-04-08 14:16:00,13.35,2,Newham,Southwark,41.0
2024-03-31,TFL-J-947080,Tube,Paddington,Kings Cross,2024-03-31 08:11:00,2024-03-31 08:51:00,5.27,13,Westminster,Camden,40.0
2024-01-16,TFL-J-784092,Bus,Stratford,Bank,2024-01-16 12:44:00,2024-01-16 13:16:00,1.75,1,Newham,City of London,32.0
2024-04-03,TFL-J-380522,Tube,Euston,Waterloo,2024-04-03 22:31:00,2024-04-03 22:54:00,4.98,0,Camden,Lambeth,23.0
2024-03-28,TFL-J-615685,Bus,Victoria,Euston,2024-03-28 08:58:00,2024-03-28 09:33:00,1.75,6,Westminster,Camden,35.0
2024-09-13,TFL-J-526437,Bus,Stratford,Waterloo,2024-09-13 22:29:00,2024-09-13 22:57:00,1.75,6,Newham,Lambeth,28.0
2024-11-06,TFL-J-512031,Bus,Liverpool Street,Victoria,2024-11-06 18:17:00,2024-11-06 19:09:00,1.75,24,City of London,Westminster,52.0
2024-02-09,TFL-J-979915,Tube,Stratford,London Bridge,2024-02-09 12:32:00,2024-02-09 13:29:00,5.08,13,Newham,Southwark,57.0
2024-04-26,TFL-J-629043,Overground,London Bridge,Canary Wharf,2024-04-26 09:49:00,2024-04-26 10:58:00,5.22,29,Southwark,Tower Hamlets,69.0
2024-05-08,TFL-J-702298,Tube,Euston,Paddington,2024-05-08 09:11:00,2024-05-08 09:47:00,14.2,19,Camden,Westminster,36.0
2024-12-08,TFL-J-985907,Bus,Canary Wharf,Paddington,2024-12-08 07:22:00,2024-12-08 08:07:00,1.75,1,Tower Hamlets,Westminster,45.0
2024-06-14,TFL-J-668091,Tube,Kings Cross,Paddington,2024-06-14 17:53:00,2024-06-14 18:22:00,11.54,2,Camden,Westminster,29.0
2024-08-23,TFL-J-350837,Bus,Victoria,Paddington,2024-08-23 10:33:00,2024-08-23 11:02:00,1.75,2,Westminster,Westminster,29.0
2024-08-24,TFL-J-212338,Tube,Canary Wharf,Stratford,2024-08-24 13:41:00,2024-08-24 13:50:00,9.4,2,Tower Hamlets,Newham,9.0
2024-10-17,TFL-J-469362,Bus,Stratford,Euston,2024-10-17 13:56:00,2024-10-17 14:00:00,9.4,1,Newham,Camden,4.0
2024-04-18,TFL-J-410650,Tube,London Bridge,Liverpool Street,2024-04-18 17:41:00,2024-04-18 18:22:00,4.32,11,Southwark,City of London,41.0
2024-08-12,TFL-J-234393,Overground,London Bridge,Waterloo,2024-08-12 10:11:00,2024-08-12 10:29:00,4.55,0,Southwark,Lambeth,18.0
2024-07-14,TFL-J-184934,Tube,Euston,Paddington,2024-07-14 18:18:00,2024-07-14 18:48:00,4.82,11,Camden,Westminster,30.0
2024-04-05,TFL-J-168230,Bus,Bank,Liverpool Street,2024-04-05 11:05:00,2024-04-05 11:46:00,1.75,3,City of London,City of London,41.0
2024-02-02,TFL-J-612009,Tube,Victoria,Liverpool Street,2024-02-02 11:48:00,2024-02-02 12:26:00,4.16,5,Westminster,City of London,38.0
2024-12-24,TFL-J-584512,Bus,Liverpool Street,Bank,2024-12-24 19:56:00,2024-12-24 20:17:00,1.75,0,City of London,City of London,21.0
2024-03-11,TFL-J-315401,Tube,Liverpool Street,Canary Wharf,2024-03-11 09:47:00,2024-03-11 10:09:00,3.79,5,City of London,Tower Hamlets,22.0
2024-09-24,TFL-J-533779,Tube,Liverpool Street,London Bridge,2024-09-24 09:31:00,2024-09-24 09:37:00,9.4,0,City of London,Southwark,6.0
2024-12-09,TFL-J-256119,Bus,Victoria,Paddington,2024-12-09 07:06:00,2024-12-09 07:46:00,1.75,15,Westminster,Westminster,40.0
2024-08-06,TFL-J-291211,Tube,Paddington,Victoria,2024-08-06 08:59:00,2024-08-06 09:58:00,4.61,16,Westminster,Westminster,59.0
2024-01-10,TFL-J-592256,Overground,Victoria,Paddington,2024-01-10 17:03:00,2024-01-10 18:00:00,3.75,28,Westminster,Westminster,57.0
2024-07-05,TFL-J-843204,Tube,Canary Wharf,Victoria,2024-07-05 11:08:00,2024-07-05 11:47:00,3.44,2,Tower Hamlets,Westminster,39.0
2024-11-26,TFL-J-254836,Bus,Liverpool Street,Euston,2024-11-26 18:26:00,2024-11-26 19:21:00,1.75,30,City of London,Camden,55.0
2024-04-17,TFL-J-180212,Bus,London Bridge,Stratford,2024-04-17 15:45:00,2024-04-17 16:21:00,1.75,0,Southwark,Newham,36.0
2024-07-18,TFL-J-859895,Tube,Paddington,Victoria,2024-07-18 08:19:00,2024-07-18 09:00:00,9.47,21,Westminster,Westminster,41.0
2024-04-14,TFL-J-603376,Bus,Liverpool Street,Waterloo,2024-04-14 07:34:00,2024-04-14 08:06:00,1.75,14,City of London,Lambeth,32.0
2024-05-23,TFL-J-472018,Bus,Euston,London Bridge,2024-05-23 16:40:00,2024-05-23 17:50:00,1.75,26,Camden,Southwark,70.0
2024-12-23,TFL-J-590749,Tube,Euston,Bank,2024-12-23 08:34:00,2024-12-23 09:16:00,4.43,9,Camden,City of London,42.0
2024-11-10,TFL-J-893244,Tube,Stratford,Liverpool Street,2024-11-10 19:28:00,2024-11-10 20:03:00,4.74,1,Newham,City of London,35.0
2024-01-08,TFL-J-863470,Tube,London Bridge,Canary Wharf,2024-01-08 08:04:00,2024-01-08 08:59:00,3.08,12,Southwark,Tower Hamlets,55.0
2024-12-01,TFL-J-152352,Tube,Liverpool Street,Stratford,2024-12-01 11:43:00,2024-12-01 12:32:00,4.53,13,City of London,Newham,49.0
2024-10-22,TFL-J-402962,Overground,Liverpool Street,London Bridge,2024-10-22 17:17:00,2024-10-22 17:37:00,12.56,3,City of London,Southwark,20.0
2024-04-18,TFL-J-388832,Tube,Stratford,Kings Cross,2024-04-18 17:16:00,2024-04-18 17:54:00,4.69,17,Newham,Camden,38.0
2024-09-10,TFL-J-314961,Overground,Euston,Waterloo,2024-09-10 11:19:00,2024-09-10 11:44:00,3.75,2,Camden,Lambeth,25.0
2024-04-15,TFL-J-847328,Tube,Liverpool Street,Victoria,2024-04-15 14:31:00,2024-04-15 14:53:00,3.68,3,City of London,Westminster,22.0
2024-12-13,TFL-J-280684,Tube,Kings Cross,Liverpool Street,2024-12-13 13:27:00,2024-12-13 13:54:00,5.39,4,Camden,City of London,27.0
2024-02-06,TFL-J-236193,Bus,London Bridge,Stratford,2024-02-06 15:37:00,2024-02-06 16:06:00,1.75,4,Southwark,Newham,29.0
2024-12-26,TFL-J-771170,Overground,Paddington,London Bridge,2024-12-26 12:34:00,2024-12-26 13:16:00,4.47,1,Westminster,Southwark,42.0
2024-01-04,TFL-J-141554,Tube,Stratford,Victoria,2024-01-04 09:01:00,2024-01-04 09:39:00,5.02,6,Newham,Westminster,38.0
2024-09-07,TFL-J-844841,Tube,Liverpool Street,Bank,2024-09-07 09:56:00,2024-09-07 10:23:00,3.32,3,City of London,City of London,27.0
2024-01-01,TFL-J-959418,Tube,Kings Cross,Euston,2024-01-01 12:12:00,2024-01-01 12:47:00,4.01,3,Camden,Camden,35.0
2024-02-09,TFL-J-624896,Tube,Kings Cross,Euston,2024-02-09 07:06:00,2024-02-09 07:40:00,10.06,3,Camden,Camden,34.0
2024-08-31,TFL-J-987724,Bus,Stratford,Waterloo,2024-08-31 08:54:00,2024-08-31 09:26:00,1.75,17,Newham,Lambeth,32.0
2024-08-27,TFL-J-639981,Tube,Bank,Kings Cross,2024-08-27 23:37:00,2024-08-28 00:19:00,5.26,0,City of London,Camden,42.0
2024-03-28,TFL-J-918213,Bus,Kings Cross,Stratford,2024-03-28 17:53:00,2024-03-28 18:17:00,1.75,1,Camden,Newham,24.0
2024-06-26,TFL-J-628535,Tube,Liverpool Street,Victoria,2024-06-26 07:09:00,2024-06-26 07:46:00,4.05,18,City of London,Westminster,37.0
2024-06-24,TFL-J-865595,Overground,London Bridge,Liverpool Street,2024-06-24 11:04:00,2024-06-24 11:34:00,5.38,0,Southwark,City of London,30.0
2024-04-15,TFL-J-962585,Tube,Bank,Kings Cross,2024-04-15 13:57:00,2024-04-15 14:41:00,2.81,0,City of London,Camden,44.0
2024-05-24,TFL-J-701584,Bus,Waterloo,Paddington,2024-05-24 07:33:00,2024-05-24 08:06:00,1.75,11,Lambeth,Westminster,33.0
2024-03-13,TFL-J-353898,Overground,London Bridge,Liverpool Street,2024-03-13 08:02:00,2024-03-13 08:41:00,5.42,1,Southwark,City of London,39.0
2024-06-08,TFL-J-299974,Tube,Stratford,Bank,2024-06-08 16:02:00,2024-06-08 16:33:00,5.26,8,Newham,City of London,31.0
2024-09-18,TFL-J-153230,Tube,Canary Wharf,Bank,2024-09-18 16:06:00,2024-09-18 17:03:00,3.85,14,Tower Hamlets,City of London,57.0
2024-04-02,TFL-J-254756,Bus,Victoria,Kings Cross,2024-04-02 21:26:00,2024-04-02 21:51:00,1.75,6,Westminster,Camden,25.0
2024-12-28,TFL-J-153643,Tube,Victoria,Waterloo,2024-12-28 07:40:00,2024-12-28 08:25:00,7.88,15,Westminster,Lambeth,45.0
2024-04-17,TFL-J-881958,Tube,London Bridge,Canary Wharf,2024-04-17 09:06:00,2024-04-17 09:49:00,4.26,2,Southwark,Tower Hamlets,43.0
2024-10-24,TFL-J-402138,Tube,Victoria,Bank,2024-10-24 08:40:00,2024-10-24 09:09:00,3.22,0,Westminster,City of London,29.0
2024-11-10,TFL-J-939587,Tube,Victoria,Canary Wharf,2024-11-10 14:13:00,2024-11-10 14:57:00,3.71,0,Westminster,Tower Hamlets,44.0
2024-01-05,TFL-J-931031,Tube,Waterloo,Kings Cross,2024-01-05 12:45:00,2024-01-05 13:30:00,4.65,3,Lambeth,Camden,45.0
2024-01-05,TFL-J-630544,Bus,Paddington,Stratford,2024-01-05 09:15:00,2024-01-05 09:45:00,1.75,14,Westminster,Newham,30.0
2024-07-25,TFL-J-510017,Bus,London Bridge,Liverpool Street,2024-07-25 18:13:00,2024-07-25 18:35:00,1.75,6,Southwark,City of London,22.0
2024-03-11,TFL-J-984043,Tube,Victoria,London Bridge,2024-03-11 20:38:00,2024-03-11 21:06:00,3.97,4,Westminster,Southwark,28.0
2024-04-05,TFL-J-525757,Tube,Kings Cross,Canary Wharf,2024-04-05 08:38:00,2024-04-05 09:23:00,3.29,4,Camden,Tower Hamlets,45.0
2024-03-11,TFL-J-475640,Tube,Waterloo,Liverpool Street,2024-03-11 22:22:00,2024-03-11 22:27:00,9.4,0,Lambeth,City of London,5.0
2024-03-11,TFL-J-164877,Tube,Victoria,Bank,2024-03-11 16:02:00,2024-03-11 16:29:00,3.78,4,Westminster,City of London,27.0
2024-03-20,TFL-J-208555,Bus,Canary Wharf,Victoria,2024-03-20 16:15:00,2024-03-20 16:55:00,1.75,4,Tower Hamlets,Westminster,40.0
2024-03-07,TFL-J-887335,Bus,Liverpool Street,Stratford,2024-03-07 17:13:00,2024-03-07 17:46:00,1.75,10,City of London,Newham,33.0
2024-09-01,TFL-J-441067,Tube,Victoria,Kings Cross,2024-09-01 16:53:00,2024-09-01 17:17:00,3.02,5,Westminster,Camden,24.0
2024-01-07,TFL-J-678926,Overground,Paddington,London Bridge,2024-01-07 18:31:00,2024-01-07 19:48:00,3.51,51,Westminster,Southwark,77.0
2024-05-18,TFL-J-276692,Bus,Liverpool Street,Victoria,2024-05-18 09:57:00,2024-05-18 10:06:00,9.4,20,City of London,Westminster,9.0
2024-07-08,TFL-J-798427,Bus,Waterloo,Euston,2024-07-08 09:48:00,2024-07-08 10:37:00,1.75,20,Lambeth,Camden,49.0
2024-06-25,TFL-J-870375,Bus,Paddington,Victoria,2024-06-25 18:09:00,2024-06-25 19:09:00,1.75,20,Westminster,Westminster,60.0
2024-05-18,TFL-J-478188,Tube,Kings Cross,Waterloo,2024-05-18 17:42:00,2024-05-18 18:02:00,3.98,3,Camden,Lambeth,20.0
2024-12-04,TFL-J-984016,Bus,Victoria,Stratford,2024-12-04 16:13:00,2024-12-04 17:04:00,1.75,23,Westminster,Newham,51.0
2024-08-08,TFL-J-302294,Tube,Euston,Canary Wharf,2024-08-08 07:53:00,2024-08-08 08:33:00,2.95,0,Camden,Tower Hamlets,40.0
2024-09-24,TFL-J-438709,Bus,Euston,London Bridge,2024-09-24 23:52:00,2024-09-25 00:32:00,1.75,5,Camden,Southwark,40.0
2024-03-23,TFL-J-792111,Tube,London Bridge,Waterloo,2024-03-23 09:06:00,2024-03-23 09:40:00,5.0,9,Southwark,Lambeth,34.0
2024-09-06,TFL-J-443141,Overground,Victoria,Bank,2024-09-06 16:02:00,2024-09-06 16:36:00,3.95,13,Westminster,City of London,34.0
2024-04-05,TFL-J-311261,Tube,Euston,Canary Wharf,2024-04-05 08:18:00,2024-04-05 08:41:00,4.44,6,Camden,Tower Hamlets,23.0
2024-02-18,TFL-J-647726,Bus,Paddington,Bank,2024-02-18 13:12:00,2024-02-18 13:37:00,1.75,0,Westminster,City of London,25.0
2024-01-10,TFL-J-734595,Tube,Euston,Waterloo,2024-01-10 14:34:00,2024-01-10 15:13:00,3.25,1,Camden,Lambeth,39.0
2024-04-27,TFL-J-888229,Bus,Bank,Liverpool Street,2024-04-27 18:48:00,2024-04-27 19:11:00,1.75,7,City of London,City of London,23.0
2024-08-05,TFL-J-145759,Tube,London Bridge,Waterloo,2024-08-05 08:16:00,2024-08-05 09:05:00,5.05,7,Southwark,Lambeth,49.0
2024-05-26,TFL-J-615042,Tube,Kings Cross,Waterloo,2024-05-26 19:30:00,2024-05-26 19:54:00,3.94,1,Camden,Lambeth,24.0
2024-07-17,TFL-J-359867,Tube,London Bridge,Stratford,2024-07-17 18:29:00,2024-07-17 19:25:00,4.72,14,Southwark,Newham,56.0
2024-06-10,TFL-J-948392,Overground,Euston,Victoria,2024-06-10 08:13:00,2024-06-10 09:02:00,5.4,20,Camden,Westminster,49.0
2024-11-20,TFL-J-663925,Bus,Paddington,Liverpool Street,2024-11-20 23:22:00,2024-11-21 00:08:00,1.75,1,Westminster,City of London,46.0
2024-10-05,TFL-J-135454,Bus,Bank,Waterloo,2024-10-05 07:54:00,2024-10-05 08:23:00,3.74,9,City of London,Lambeth,29.0
2024-10-05,TFL-J-759893,Tube,Stratford,Liverpool Street,2024-10-05 09:06:00,2024-10-05 09:45:00,3.61,2,Newham,City of London,39.0
2024-01-02,TFL-J-133458,Bus,London Bridge,Paddington,2024-01-02 09:50:00,2024-01-02 10:28:00,1.75,3,Southwark,Westminster,38.0
2024-12-28,TFL-J-251166,Tube,Canary Wharf,Liverpool Street,2024-12-28 08:24:00,2024-12-28 09:13:00,3.06,13,Tower Hamlets,City of London,49.0
2024-07-25,TFL-J-192459,Tube,Paddington,Stratford,2024-07-25 11:00:00,2024-07-25 11:17:00,4.23,0,Westminster,Newham,17.0
2024-02-29,TFL-J-504610,Bus,Euston,London Bridge,2024-02-29 14:31:00,2024-02-29 15:21:00,1.75,5,Camden,Southwark,50.0
2024-07-04,TFL-J-638107,Tube,London Bridge,Victoria,2024-07-04 07:35:00,2024-07-04 08:20:00,5.12,3,Southwark,Westminster,45.0
2024-10-07,TFL-J-605377,Tube,Euston,Liverpool Street,2024-10-07 22:42:00,2024-10-07 23:25:00,2.84,2,Camden,City of London,43.0
2024-12-25,TFL-J-199339,Tube,Liverpool Street,Victoria,2024-12-25 08:53:00,2024-12-25 09:38:00,5.49,0,City of London,Westminster,45.0
2024-08-01,TFL-J-951758,Bus,Euston,Waterloo,2024-08-01 21:21:00,2024-08-01 22:06:00,1.75,3,Camden,Lambeth,45.0
2024-03-12,TFL-J-391914,Tube,London Bridge,Paddington,2024-03-12 09:33:00,2024-03-12 10:16:00,4.37,7,Southwark,Westminster,43.0
2024-04-11,TFL-J-293756,Tube,Liverpool Street,Victoria,2024-04-11 16:11:00,2024-04-11 16:53:00,4.98,7,City of London,Westminster,42.0
2024-08-06,TFL-J-131552,Tube,Kings Cross,Waterloo,2024-08-06 09:51:00,2024-08-06 10:41:00,4.33,30,Camden,Lambeth,50.0
2024-07-09,TFL-J-804042,Bus,Victoria,Liverpool Street,2024-07-09 17:22:00,2024-07-09 18:26:00,1.75,47,Westminster,City of London,64.0
2024-12-25,TFL-J-672150,Tube,Euston,Canary Wharf,2024-12-25 14:28:00,2024-12-25 14:56:00,3.55,4,Camden,Tower Hamlets,28.0
2024-01-10,TFL-J-915779,Tube,Paddington,Kings Cross,2024-01-10 07:39:00,2024-01-10 08:33:00,4.07,23,Westminster,Camden,54.0
2024-10-31,TFL-J-793287,Tube,Canary Wharf,Victoria,2024-10-31 07:18:00,2024-10-31 08:00:00,4.01,5,Tower Hamlets,Westminster,42.0
2024-03-05,TFL-J-857267,Tube,Canary Wharf,Victoria,2024-03-05 17:58:00,2024-03-05 18:25:00,4.16,6,Tower Hamlets,Westminster,27.0
2024-08-07,TFL-J-275767,Tube,Paddington,London Bridge,2024-08-07 17:06:00,2024-08-07 17:55:00,3.87,4,Westminster,Southwark,49.0
2024-04-24,TFL-J-804290,Bus,Liverpool Street,Bank,2024-04-24 10:01:00,2024-04-24 10:31:00,1.75,1,City of London,City of London,30.0
2024-05-31,TFL-J-487749,Tube,Victoria,Stratford,2024-05-31 22:14:00,2024-05-31 22:39:00,3.31,1,Westminster,Newham,25.0
2024-11-16,TFL-J-728115,Tube,Victoria,Canary Wharf,2024-11-16 07:06:00,2024-11-16 07:37:00,5.34,2,Westminster,Tower Hamlets,31.0
2024-11-04,TFL-J-295433,Bus,Victoria,Canary Wharf,2024-11-04 16:20:00,2024-11-04 16:44:00,1.75,2,Westminster,Tower Hamlets,24.0
2024-06-15,TFL-J-444478,Bus,Stratford,Paddington,2024-06-15 13:57:00,2024-06-15 14:28:00,1.75,10,Newham,Westminster,31.0
2024-09-24,TFL-J-614099,Overground,London Bridge,Bank,2024-09-24 18:43:00,2024-09-24 19:34:00,4.0,26,Southwark,City of London,51.0
2024-04-18,TFL-J-729552,Overground,Euston,Paddington,2024-04-18 16:27:00,2024-04-18 16:52:00,5.41,9,Camden,Westminster,25.0
2024-04-16,TFL-J-377342,Bus,Kings Cross,Victoria,2024-04-16 17:24:00,2024-04-16 18:17:00,1.75,12,Camden,Westminster,53.0
2024-05-04,TFL-J-408389,Tube,Stratford,London Bridge,2024-05-04 18:47:00,2024-05-04 19:22:00,3.6,2,Newham,Southwark,35.0
2024-03-13,TFL-J-118324,Tube,Victoria,London Bridge,2024-03-13 18:36:00,2024-03-13 19:09:00,4.83,4,Westminster,Southwark,33.0
2024-07-22,TFL-J-488591,Tube,Waterloo,Paddington,2024-07-22 09:10:00,2024-07-22 09:58:00,5.11,12,Lambeth,Westminster,48.0
2024-08-27,TFL-J-190405,Tube,Victoria,Kings Cross,2024-08-27 17:36:00,2024-08-27 18:05:00,3.29,8,Westminster,Camden,29.0
2024-01-31,TFL-J-328082,Tube,Waterloo,Euston,2024-01-31 08:01:00,2024-01-31 08:55:00,3.05,17,Lambeth,Camden,54.0
2024-10-01,TFL-J-958658,Tube,Liverpool Street,Bank,2024-10-01 08:06:00,2024-10-01 08:42:00,2.97,18,City of London,City of London,36.0
2024-09-01,TFL-J-660288,Tube,Liverpool Street,Euston,2024-09-01 18:35:00,2024-09-01 19:06:00,5.37,12,City of London,Camden,31.0
2024-01-28,TFL-J-687371,Tube,Victoria,Canary Wharf,2024-01-28 13:18:00,2024-01-28 13:54:00,2.96,3,Westminster,Tower Hamlets,36.0
2024-12-16,TFL-J-373037,Bus,Canary Wharf,London Bridge,2024-12-16 08:37:00,2024-12-16 09:09:00,1.75,9,Tower Hamlets,Southwark,32.0
2024-10-04,TFL-J-666637,Bus,Waterloo,Euston,2024-10-04 23:44:00,2024-10-05 00:14:00,1.75,7,Lambeth,Camden,30.0
2024-02-29,TFL-J-469509,Bus,Waterloo,Stratford,2024-02-29 16:49:00,2024-02-29 17:20:00,1.75,10,Lambeth,Newham,31.0
2024-10-18,TFL-J-327923,Tube,London Bridge,Paddington,2024-10-18 18:42:00,2024-10-18 19:10:00,3.26,12,Southwark,Westminster,28.0
2024-08-06,TFL-J-796078,Tube,Stratford,Euston,2024-08-06 07:47:00,2024-08-06 08:21:00,5.44,19,Newham,Camden,34.0
2024-08-09,TFL-J-265424,Tube,Liverpool Street,Stratford,2024-08-09 09:39:00,2024-08-09 10:37:00,4.06,38,City of London,Newham,58.0
2024-03-04,TFL-J-661578,Bus,Paddington,Euston,2024-03-04 10:38:00,2024-03-04 11:11:00,1.75,3,Westminster,Camden,33.0
2024-01-19,TFL-J-520712,Tube,Paddington,London Bridge,2024-01-19 15:30:00,2024-01-19 16:15:00,9.15,4,Westminster,Southwark,45.0
2024-04-25,TFL-J-673903,Tube,London Bridge,Bank,2024-04-25 16:09:00,2024-04-25 17:03:00,5.22,10,Southwark,City of London,54.0
2024-11-15,TFL-J-237803,Tube,Canary Wharf,London Bridge,2024-11-15 16:41:00,2024-11-15 16:51:00,9.4,2,Tower Hamlets,Southwark,10.0
2024-01-11,TFL-J-444586,Tube,Kings Cross,Stratford,2024-01-11 18:13:00,2024-01-11 18:53:00,5.36,6,Camden,Newham,40.0
2024-08-04,TFL-J-404607,Overground,Paddington,Canary Wharf,2024-08-04 09:31:00,2024-08-04 09:55:00,4.72,4,Westminster,Tower Hamlets,24.0
2024-02-18,TFL-J-949644,Bus,Victoria,Canary Wharf,2024-02-18 07:56:00,2024-02-18 08:44:00,1.75,3,Westminster,Tower Hamlets,48.0
2024-02-14,TFL-J-966467,Tube,Kings Cross,Liverpool Street,2024-02-14 09:46:00,2024-02-14 10:20:00,5.02,18,Camden,City of London,34.0
2024-02-01,TFL-J-943864,Overground,Victoria,Canary Wharf,2024-02-01 18:05:00,2024-02-01 18:29:00,3.48,3,Westminster,Tower Hamlets,24.0
2024-03-08,TFL-J-235474,Overground,Kings Cross,Canary Wharf,2024-03-08 09:40:00,2024-03-08 10:10:00,5.02,0,Camden,Tower Hamlets,30.0
2024-08-20,TFL-J-282234,Tube,Victoria,Stratford,2024-08-20 14:01:00,2024-08-20 14:53:00,4.15,9,Westminster,Newham,52.0
2024-10-15,TFL-J-391435,Tube,Liverpool Street,Euston,2024-10-15 13:50:00,2024-10-15 14:20:00,3.44,4,City of London,Camden,30.0
2024-03-30,TFL-J-221536,Tube,Bank,Liverpool Street,2024-03-30 08:18:00,2024-03-30 08:53:00,2.85,20,City of London,City of London,35.0
2024-09-29,TFL-J-791178,Tube,Stratford,Paddington,2024-09-29 07:58:00,2024-09-29 08:57:00,5.09,36,Newham,Westminster,59.0
2024-04-26,TFL-J-969214,Overground,Paddington,Canary Wharf,2024-04-26 11:36:00,2024-04-26 12:05:00,5.14,1,Westminster,Tower Hamlets,29.0
2024-12-06,TFL-J-183912,Tube,Liverpool Street,Victoria,2024-12-06 08:40:00,2024-12-06 09:57:00,3.4,39,City of London,Westminster,77.0
2024-08-07,TFL-J-785477,Tube,Waterloo,Stratford,2024-08-07 07:43:00,2024-08-07 08:28:00,4.28,24,Lambeth,Newham,45.0
2024-05-04,TFL-J-901094,Bus,Victoria,Kings Cross,2024-05-04 20:47:00,2024-05-04 21:24:00,3.92,5,Westminster,Camden,37.0
2024-12-26,TFL-J-124199,Bus,London Bridge,Waterloo,2024-12-26 08:57:00,2024-12-26 09:35:00,1.75,9,Southwark,Lambeth,38.0
2024-02-06,TFL-J-887809,Tube,Canary Wharf,Liverpool Street,2024-02-06 17:18:00,2024-02-06 18:05:00,3.92,5,Tower Hamlets,City of London,47.0
2024-12-28,TFL-J-971246,Bus,Liverpool Street,Waterloo,2024-12-28 07:39:00,2024-12-28 08:41:00,1.75,38,City of London,Lambeth,62.0
2024-12-11,TFL-J-832764,Tube,Victoria,Kings Cross,2024-12-11 20:37:00,2024-12-11 21:06:00,5.49,0,Westminster,Camden,29.0
2024-10-13,TFL-J-715574,Tube,Stratford,Liverpool Street,2024-10-13 17:50:00,2024-10-13 18:30:00,3.59,2,Newham,City of London,40.0
2024-05-16,TFL-J-838001,Tube,Victoria,Bank,2024-05-16 09:19:00,2024-05-16 09:40:00,5.37,1,Westminster,City of London,21.0
2024-06-03,TFL-J-705911,Bus,Kings Cross,Paddington,2024-06-03 07:40:00,2024-06-03 08:12:00,1.75,7,Camden,Westminster,32.0
2024-08-14,TFL-J-171359,Bus,Stratford,Paddington,2024-08-14 17:49:00,2024-08-14 18:31:00,1.75,3,Newham,Westminster,42.0
2024-06-24,TFL-J-787549,Tube,Paddington,Canary Wharf,2024-06-24 17:41:00,2024-06-24 18:24:00,5.38,5,Westminster,Tower Hamlets,43.0
2024-02-20,TFL-J-592464,Overground,Waterloo,Canary Wharf,2024-02-20 10:06:00,2024-02-20 10:48:00,4.01,0,Lambeth,Tower Hamlets,42.0
2024-07-19,TFL-J-689959,Overground,Stratford,Liverpool Street,2024-07-19 16:09:00,2024-07-19 16:47:00,4.32,2,Newham,City of London,38.0
2024-05-24,TFL-J-341396,Tube,Waterloo,Victoria,2024-05-24 08:35:00,2024-05-24 09:53:00,4.55,46,Lambeth,Westminster,78.0
2024-09-09,TFL-J-267552,Tube,Victoria,Liverpool Street,2024-09-09 14:42:00,2024-09-09 14:46:00,9.4,4,Westminster,City of London,4.0
2024-05-23,TFL-J-614709,Tube,Kings Cross,Paddington,2024-05-23 16:26:00,2024-05-23 17:18:00,3.52,11,Camden,Westminster,52.0
2024-09-05,TFL-J-311484,Tube,Waterloo,London Bridge,2024-09-05 17:50:00,2024-09-05 18:55:00,4.55,25,Lambeth,Southwark,65.0
2024-08-11,TFL-J-661290,Bus,Paddington,Kings Cross,2024-08-11 07:01:00,2024-08-11 07:21:00,1.75,1,Westminster,Camden,20.0
2024-12-10,TFL-J-742249,Bus,Euston,Victoria,2024-12-10 08:16:00,2024-12-10 08:41:00,1.75,7,Camden,Westminster,25.0
2024-03-23,TFL-J-670684,Bus,Euston,London Bridge,2024-03-23 08:46:00,2024-03-23 09:18:00,1.75,6,Camden,Southwark,32.0
2024-11-08,TFL-J-547561,Tube,Liverpool Street,Kings Cross,2024-11-08 08:08:00,2024-11-08 09:08:00,8.9,32,City of London,Camden,60.0
2024-09-18,TFL-J-340966,Bus,Canary Wharf,Paddington,2024-09-18 08:16:00,2024-09-18 08:36:00,1.75,2,Tower Hamlets,Westminster,20.0
2024-09-19,TFL-J-291798,Bus,Euston,Bank,2024-09-19 21:04:00,2024-09-19 21:37:00,1.75,0,Camden,City of London,33.0
2024-08-17,TFL-J-168373,Tube,Waterloo,Bank,2024-08-17 16:02:00,2024-08-17 16:34:00,3.7,0,Lambeth,City of London,32.0
2024-12-11,TFL-J-492230,Tube,Kings Cross,London Bridge,2024-12-11 08:28:00,2024-12-11 09:13:00,4.54,15,Camden,Southwark,45.0
2024-10-24,TFL-J-804617,Bus,Bank,Kings Cross,2024-10-24 09:28:00,2024-10-24 10:19:00,1.75,6,City of London,Camden,51.0
2024-04-16,TFL-J-214061,Tube,Liverpool Street,Bank,2024-04-16 20:03:00,2024-04-16 20:34:00,4.34,4,City of London,City of London,31.0
2024-06-03,TFL-J-414859,Tube,Victoria,Stratford,2024-06-03 08:12:00,2024-06-03 08:31:00,5.23,4,Westminster,Newham,19.0
2024-08-27,TFL-J-686249,Tube,Bank,Victoria,2024-08-27 23:43:00,2024-08-28 00:10:00,5.15,0,City of London,Westminster,27.0
2024-03-28,TFL-J-919714,Tube,Stratford,Paddington,2024-03-28 09:11:00,2024-03-28 09:43:00,2.86,1,Newham,Westminster,32.0
2024-12-16,TFL-J-247114,Tube,Victoria,Euston,2024-12-16 16:13:00,2024-12-16 17:01:00,3.19,13,Westminster,Camden,48.0
2024-02-08,TFL-J-157771,Tube,Bank,Paddington,2024-02-08 09:47:00,2024-02-08 10:20:00,5.08,7,City of London,Westminster,33.0
2024-02-06,TFL-J-602981,Tube,Stratford,Waterloo,2024-02-06 16:17:00,2024-02-06 17:01:00,5.39,0,Newham,Lambeth,44.0
2024-09-15,TFL-J-853207,Tube,Liverpool Street,Canary Wharf,2024-09-15 07:33:00,2024-09-15 08:28:00,4.09,32,City of London,Tower Hamlets,55.0
2024-04-29,TFL-J-636192,Bus,Victoria,Paddington,2024-04-29 11:22:00,2024-04-29 11:37:00,1.75,0,Westminster,Westminster,15.0
2024-07-11,TFL-J-735289,Tube,Euston,London Bridge,2024-07-11 07:10:00,2024-07-11 07:41:00,3.77,0,Camden,Southwark,31.0
2024-02-03,TFL-J-159471,Bus,Victoria,Liverpool Street,2024-02-03 17:53:00,2024-02-03 18:42:00,1.75,26,Westminster,City of London,49.0
2024-12-12,TFL-J-110584,Tube,Euston,Waterloo,2024-12-12 15:32:00,2024-12-12 16:15:00,4.44,0,Camden,Lambeth,43.0
2024-05-25,TFL-J-576419,Tube,Liverpool Street,Victoria,2024-05-25 16:22:00,2024-05-25 17:21:00,5.25,27,City of London,Westminster,59.0
2024-11-19,TFL-J-974240,Bus,Paddington,Liverpool Street,2024-11-19 08:51:00,2024-11-19 09:19:00,1.75,8,Westminster,City of London,28.0
2024-06-25,TFL-J-869410,Bus,Euston,Victoria,2024-06-25 08:50:00,2024-06-25 09:25:00,1.75,9,Camden,Westminster,35.0
2024-07-15,TFL-J-859305,Tube,Liverpool Street,Victoria,2024-07-15 07:19:00,2024-07-15 07:42:00,3.21,2,City of London,Westminster,23.0
2024-01-24,TFL-J-396138,Bus,Canary Wharf,Stratford,2024-01-24 09:47:00,2024-01-24 11:00:00,1.75,42,Tower Hamlets,Newham,73.0
2024-08-24,TFL-J-538968,Overground,Kings Cross,Euston,2024-08-24 16:08:00,2024-08-24 16:56:00,5.11,13,Camden,Camden,48.0
2024-03-17,TFL-J-701164,Bus,Kings Cross,Paddington,2024-03-17 18:59:00,2024-03-17 19:56:00,1.75,26,Camden,Westminster,57.0
2024-08-11,TFL-J-643680,Tube,Paddington,Kings Cross,2024-08-11 09:03:00,2024-08-11 09:41:00,3.45,0,Westminster,Camden,38.0
2024-10-12,TFL-J-964297,Tube,Waterloo,Euston,2024-10-12 14:01:00,2024-10-12 14:43:00,4.97,3,Lambeth,Camden,42.0
2024-07-15,TFL-J-286229,Tube,Paddington,Bank,2024-07-15 17:00:00,2024-07-15 17:22:00,3.84,4,Westminster,City of London,22.0
2024-03-31,TFL-J-159253,Bus,Kings Cross,Stratford,2024-03-31 08:54:00,2024-03-31 09:51:00,1.75,32,Camden,Newham,57.0
2024-12-01,TFL-J-586717,Bus,Bank,Paddington,2024-12-01 08:58:00,2024-12-01 09:34:00,1.75,19,City of London,Westminster,36.0
2024-10-15,TFL-J-160133,Tube,Kings Cross,Canary Wharf,2024-10-15 23:46:00,2024-10-16 00:23:00,4.54,0,Camden,Tower Hamlets,37.0
2024-12-08,TFL-J-101350,Bus,Bank,Victoria,2024-12-08 18:10:00,2024-12-08 19:08:00,1.75,17,City of London,Westminster,58.0
2024-05-15,TFL-J-302220,Tube,Canary Wharf,Euston,2024-05-15 07:24:00,2024-05-15 08:11:00,3.82,26,Tower Hamlets,Camden,47.0
2024-08-23,TFL-J-411641,Bus,Waterloo,London Bridge,2024-08-23 09:04:00,2024-08-23 09:55:00,1.75,6,Lambeth,Southwark,51.0
2024-04-04,TFL-J-521610,Tube,Kings Cross,Canary Wharf,2024-04-04 17:19:00,2024-04-04 17:35:00,4.01,0,Camden,Tower Hamlets,16.0
2024-02-28,TFL-J-771412,Overground,Paddington,Liverpool Street,2024-02-28 09:08:00,2024-02-28 09:52:00,3.51,8,Westminster,City of London,44.0
2024-09-18,TFL-J-437374,Overground,Waterloo,London Bridge,2024-09-18 16:03:00,2024-09-18 16:51:00,5.01,5,Lambeth,Southwark,48.0
2024-05-07,TFL-J-175096,Overground,Bank,Canary Wharf,2024-05-07 09:26:00,2024-05-07 09:56:00,4.36,10,City of London,Tower Hamlets,30.0
2024-10-30,TFL-J-905587,Tube,Victoria,Kings Cross,2024-10-30 09:41:00,2024-10-30 10:32:00,3.51,12,Westminster,Camden,51.0
2024-08-12,TFL-J-566362,Tube,Canary Wharf,Paddington,2024-08-12 19:30:00,2024-08-12 19:54:00,4.39,2,Tower Hamlets,Westminster,24.0
2024-04-07,TFL-J-381766,Tube,Canary Wharf,Kings Cross,2024-04-07 16:48:00,2024-04-07 17:59:00,4.57,31,Tower Hamlets,Camden,71.0
2024-04-26,TFL-J-262730,Tube,Liverpool Street,Canary Wharf,2024-04-26 07:09:00,2024-04-26 08:52:00,3.48,60,City of London,Tower Hamlets,103.0
2024-04-27,TFL-J-724581,Tube,Liverpool Street,Victoria,2024-04-27 18:47:00,2024-04-27 19:21:00,2.94,0,City of London,Westminster,34.0
2024-04-28,TFL-J-396555,Tube,Kings Cross,Bank,2024-04-28 21:53:00,2024-04-28 22:10:00,3.67,1,Camden,City of London,17.0
2024-05-23,TFL-J-485523,Tube,London Bridge,Waterloo,2024-05-23 09:11:00,2024-05-23 09:43:00,3.41,15,Southwark,Lambeth,32.0
2024-09-21,TFL-J-539108,Tube,Victoria,London Bridge,2024-09-21 16:50:00,2024-09-21 17:12:00,4.24,2,Westminster,Southwark,22.0
2024-03-10,TFL-J-313596,Tube,Bank,Stratford,2024-03-10 07:37:00,2024-03-10 08:16:00,4.82,0,City of London,Newham,39.0
2024-04-07,TFL-J-636981,Overground,London Bridge,Victoria,2024-04-07 18:37:00,2024-04-07 18:42:00,9.4,0,Southwark,Westminster,5.0
2024-09-19,TFL-J-325068,Tube,Euston,Waterloo,2024-09-19 18:47:00,2024-09-19 19:27:00,4.91,13,Camden,Lambeth,40.0
2024-06-22,TFL-J-415818,Bus,Canary Wharf,Paddington,2024-06-22 18:17:00,2024-06-22 19:00:00,1.75,12,Tower Hamlets,Westminster,43.0
2024-09-21,TFL-J-607447,Tube,Kings Cross,Stratford,2024-09-21 17:22:00,2024-09-21 18:03:00,3.12,9,Camden,Newham,41.0
2024-06-24,TFL-J-414704,Tube,Euston,London Bridge,2024-06-24 10:37:00,2024-06-24 10:56:00,5.33,0,Camden,Southwark,19.0
2024-02-19,TFL-J-264278,Bus,Paddington,London Bridge,2024-02-19 17:07:00,2024-02-19 17:38:00,1.75,3,Westminster,Southwark,31.0
2024-12-27,TFL-J-109032,Tube,Canary Wharf,Euston,2024-12-27 16:14:00,2024-12-27 16:17:00,9.4,2,Tower Hamlets,Camden,3.0
2024-08-26,TFL-J-143895,Bus,Victoria,Kings Cross,2024-08-26 10:32:00,2024-08-26 10:55:00,1.75,1,Westminster,Camden,23.0
2024-08-11,TFL-J-478250,Overground,London Bridge,Stratford,2024-08-11 10:59:00,2024-08-11 11:43:00,5.44,1,Southwark,Newham,44.0
2024-01-04,TFL-J-672185,Bus,Kings Cross,Victoria,2024-01-04 17:44:00,2024-01-04 18:34:00,1.75,7,Camden,Westminster,50.0
2024-12-18,TFL-J-425442,Bus,London Bridge,Euston,2024-12-18 18:29:00,2024-12-18 19:05:00,1.75,11,Southwark,Camden,36.0
2024-12-19,TFL-J-109203,Tube,Bank,Canary Wharf,2024-12-19 18:49:00,2024-12-19 19:41:00,3.49,13,City of London,Tower Hamlets,52.0
2024-01-14,TFL-J-228477,Tube,London Bridge,Canary Wharf,2024-01-14 07:57:00,2024-01-14 08:22:00,3.51,3,Southwark,Tower Hamlets,25.0
2024-07-29,TFL-J-668347,Tube,London Bridge,Euston,2024-07-29 18:27:00,2024-07-29 18:34:00,9.4,9,Southwark,Camden,7.0
2024-11-20,TFL-J-256374,Tube,London Bridge,Paddington,2024-11-20 09:26:00,2024-11-20 10:21:00,3.16,10,Southwark,Westminster,55.0
2024-02-06,TFL-J-670654,Bus,Canary Wharf,Liverpool Street,2024-02-06 16:53:00,2024-02-06 17:40:00,1.75,2,Tower Hamlets,City of London,47.0
2024-05-18,TFL-J-277120,Bus,Victoria,Bank,2024-05-18 20:35:00,2024-05-18 21:08:00,1.75,2,Westminster,City of London,33.0
2024-03-22,TFL-J-367186,Tube,Victoria,Bank,2024-03-22 10:38:00,2024-03-22 11:09:00,4.29,4,Westminster,City of London,31.0
2024-07-07,TFL-J-519727,Tube,Euston,Bank,2024-07-07 20:44:00,2024-07-07 21:19:00,3.02,3,Camden,City of London,35.0
2024-06-23,TFL-J-654396,Tube,Victoria,Kings Cross,2024-06-23 08:55:00,2024-06-23 09:40:00,3.88,9,Westminster,Camden,45.0
2024-01-21,TFL-J-593025,Tube,Canary Wharf,Bank,2024-01-21 17:24:00,2024-01-21 18:25:00,4.18,27,Tower Hamlets,City of London,61.0
2024-01-28,TFL-J-359315,Tube,Canary Wharf,Stratford,2024-01-28 16:26:00,2024-01-28 16:54:00,3.35,11,Tower Hamlets,Newham,28.0
2024-04-04,TFL-J-591671,Tube,Liverpool Street,Waterloo,2024-04-04 21:50:00,2024-04-04 21:54:00,9.4,3,City of London,Lambeth,4.0
2024-12-04,TFL-J-305763,Tube,Stratford,Paddington,2024-12-04 16:21:00,2024-12-04 17:30:00,4.4,28,Newham,Westminster,69.0
2024-05-09,TFL-J-930757,Tube,London Bridge,Waterloo,2024-05-09 14:49:00,2024-05-09 15:40:00,5.11,6,Southwark,Lambeth,51.0
2024-07-08,TFL-J-858278,Bus,Liverpool Street,Victoria,2024-07-08 08:23:00,2024-07-08 09:03:00,1.75,10,City of London,Westminster,40.0
2024-09-18,TFL-J-366468,Tube,Canary Wharf,Paddington,2024-09-18 08:43:00,2024-09-18 09:27:00,3.36,1,Tower Hamlets,Westminster,44.0
2024-01-23,TFL-J-919533,Tube,Liverpool Street,Victoria,2024-01-23 08:13:00,2024-01-23 08:44:00,4.91,2,City of London,Westminster,31.0
2024-04-27,TFL-J-970718,Tube,Waterloo,Victoria,2024-04-27 18:54:00,2024-04-27 19:43:00,4.36,10,Lambeth,Westminster,49.0
2024-01-09,TFL-J-728490,Overground,Euston,Liverpool Street,2024-01-09 13:47:00,2024-01-09 14:36:00,3.58,11,Camden,City of London,49.0
2024-10-30,TFL-J-803219,Tube,Paddington,Canary Wharf,2024-10-30 07:15:00,2024-10-30 08:15:00,3.98,25,Westminster,Tower Hamlets,60.0
2024-09-24,TFL-J-909724,Tube,Waterloo,Liverpool Street,2024-09-24 17:38:00,2024-09-24 18:01:00,4.49,2,Lambeth,City of London,23.0
2024-08-20,TFL-J-123011,Tube,Bank,London Bridge,2024-08-20 08:24:00,2024-08-20 09:34:00,2.93,40,City of London,Southwark,70.0
2024-12-06,TFL-J-104707,Tube,Waterloo,Bank,2024-12-06 09:08:00,2024-12-06 10:11:00,5.38,31,Lambeth,City of London,63.0
2024-08-20,TFL-J-771034,Bus,Euston,London Bridge,2024-08-20 16:52:00,2024-08-20 17:45:00,1.75,12,Camden,Southwark,53.0
2024-06-27,TFL-J-637525,Tube,London Bridge,Waterloo,2024-06-27 21:32:00,2024-06-27 21:49:00,3.4,2,Southwark,Lambeth,17.0
2024-11-05,TFL-J-246787,Tube,London Bridge,Paddington,2024-11-05 08:20:00,2024-11-05 09:08:00,3.43,13,Southwark,Westminster,48.0
2024-10-14,TFL-J-902808,Tube,Kings Cross,Paddington,2024-10-14 16:05:00,2024-10-14 16:24:00,4.96,0,Camden,Westminster,19.0
2024-08-16,TFL-J-921501,Bus,Waterloo,Kings Cross,2024-08-16 08:51:00,2024-08-16 09:27:00,1.75,5,Lambeth,Camden,36.0
2024-10-28,TFL-J-772830,Tube,Bank,Euston,2024-10-28 15:36:00,2024-10-28 16:16:00,3.73,1,City of London,Camden,40.0
2024-10-28,TFL-J-821250,Bus,Liverpool Street,Waterloo,2024-10-28 09:48:00,2024-10-28 10:23:00,1.75,4,City of London,Lambeth,35.0
2024-07-02,TFL-J-917633,Tube,Euston,Stratford,2024-07-02 15:36:00,2024-07-02 16:05:00,4.47,1,Camden,Newham,29.0
2024-05-01,TFL-J-457229,Tube,Paddington,Stratford,2024-05-01 18:18:00,2024-05-01 19:07:00,3.18,4,Westminster,Newham,49.0
2024-09-07,TFL-J-541122,Tube,London Bridge,Stratford,2024-09-07 17:36:00,2024-09-07 18:22:00,3.95,12,Southwark,Newham,46.0
2024-10-14,TFL-J-858499,Tube,London Bridge,Canary Wharf,2024-10-14 19:14:00,2024-10-14 19:45:00,3.38,3,Southwark,Tower Hamlets,31.0
2024-01-05,TFL-J-136318,Tube,Canary Wharf,Liverpool Street,2024-01-05 07:11:00,2024-01-05 07:46:00,4.23,3,Tower Hamlets,City of London,35.0
2024-02-12,TFL-J-805321,Tube,Euston,London Bridge,2024-02-12 09:19:00,2024-02-12 09:52:00,3.27,3,Camden,Southwark,33.0
2024-12-30,TFL-J-442693,Tube,Stratford,Liverpool Street,2024-12-30 14:52:00,2024-12-30 15:11:00,4.7,1,Newham,City of London,19.0
2024-07-15,TFL-J-792444,Tube,Waterloo,Liverpool Street,2024-07-15 16:28:00,2024-07-15 17:12:00,4.49,18,Lambeth,City of London,44.0
2024-11-13,TFL-J-841403,Tube,Waterloo,Victoria,2024-11-13 07:49:00,2024-11-13 08:21:00,4.68,7,Lambeth,Westminster,32.0
2024-04-03,TFL-J-400382,Bus,Liverpool Street,Waterloo,2024-04-03 14:42:00,2024-04-03 15:12:00,1.75,0,City of London,Lambeth,30.0
2024-06-12,TFL-J-497354,Tube,Liverpool Street,Kings Cross,2024-06-12 11:59:00,2024-06-12 12:34:00,5.33,0,City of London,Camden,35.0
2024-01-21,TFL-J-425729,Tube,Bank,Waterloo,2024-01-21 09:02:00,2024-01-21 09:36:00,2.88,6,City of London,Lambeth,34.0
2024-04-08,TFL-J-561134,Tube,Stratford,Waterloo,2024-04-08 17:24:00,2024-04-08 17:56:00,3.96,5,Newham,Lambeth,32.0
2024-01-21,TFL-J-406144,Tube,Paddington,Victoria,2024-01-21 09:44:00,2024-01-21 10:44:00,2.9,18,Westminster,Westminster,60.0
2024-03-25,TFL-J-376405,Tube,Waterloo,Euston,2024-03-25 07:48:00,2024-03-25 08:31:00,4.67,28,Lambeth,Camden,43.0
2024-03-23,TFL-J-146443,Tube,Euston,Bank,2024-03-23 16:42:00,2024-03-23 17:15:00,5.23,17,Camden,City of London,33.0
2024-06-17,TFL-J-441947,Tube,Paddington,Euston,2024-06-17 07:25:00,2024-06-17 08:12:00,3.25,23,Westminster,Camden,47.0
2024-01-10,TFL-J-581739,Tube,Canary Wharf,Paddington,2024-01-10 22:55:00,2024-01-10 23:17:00,4.73,0,Tower Hamlets,Westminster,22.0
2024-11-05,TFL-J-723993,Tube,London Bridge,Euston,2024-11-05 13:45:00,2024-11-05 14:21:00,3.77,2,Southwark,Camden,36.0
2024-05-28,TFL-J-551410,Tube,Canary Wharf,Bank,2024-05-28 13:48:00,2024-05-28 14:30:00,3.98,2,Tower Hamlets,City of London,42.0
2024-02-07,TFL-J-216814,Tube,Bank,Victoria,2024-02-07 09:29:00,2024-02-07 10:16:00,5.22,21,City of London,Westminster,47.0
2024-12-06,TFL-J-841470,Tube,Euston,Bank,2024-12-06 16:30:00,2024-12-06 17:07:00,4.14,7,Camden,City of London,37.0
2024-01-11,TFL-J-606008,Tube,Kings Cross,Victoria,2024-01-11 14:09:00,2024-01-11 14:52:00,5.05,2,Camden,Westminster,43.0
2024-06-11,TFL-J-459318,Bus,Euston,Canary Wharf,2024-06-11 07:31:00,2024-06-11 07:57:00,4.19,4,Camden,Tower Hamlets,26.0
2024-05-11,TFL-J-929171,Tube,Canary Wharf,Victoria,2024-05-11 18:57:00,2024-05-11 19:38:00,3.58,13,Tower Hamlets,Westminster,41.0
2024-11-12,TFL-J-205699,Tube,Liverpool Street,London Bridge,2024-11-12 11:15:00,2024-11-12 11:35:00,4.55,0,City of London,Southwark,20.0
2024-01-19,TFL-J-934465,Tube,Victoria,London Bridge,2024-01-19 17:27:00,2024-01-19 17:48:00,5.48,0,Westminster,Southwark,21.0
2024-03-04,TFL-J-746075,Overground,Canary Wharf,Liverpool Street,2024-03-04 18:13:00,2024-03-04 19:04:00,3.4,9,Tower Hamlets,City of London,51.0
2024-11-12,TFL-J-951187,Overground,Waterloo,London Bridge,2024-11-12 07:55:00,2024-11-12 08:28:00,5.28,3,Lambeth,Southwark,33.0
2024-12-25,TFL-J-771438,Overground,Canary Wharf,London Bridge,2024-12-25 19:24:00,2024-12-25 19:43:00,3.0,0,Tower Hamlets,Southwark,19.0
2024-04-15,TFL-J-709951,Tube,Kings Cross,London Bridge,2024-04-15 09:22:00,2024-04-15 09:48:00,3.93,4,Camden,Southwark,26.0
2024-12-19,TFL-J-156581,Bus,Kings Cross,Euston,2024-12-19 17:18:00,2024-12-19 17:42:00,1.75,4,Camden,Camden,24.0
2024-09-17,TFL-J-283776,Tube,Liverpool Street,London Bridge,2024-09-17 08:35:00,2024-09-17 09:22:00,4.55,16,City of London,Southwark,47.0
2024-02-25,TFL-J-957990,Overground,Victoria,Paddington,2024-02-25 08:11:00,2024-02-25 08:43:00,3.36,5,Westminster,Westminster,32.0
2024-04-24,TFL-J-192196,Tube,Bank,Kings Cross,2024-04-24 14:56:00,2024-04-24 15:25:00,3.53,0,City of London,Camden,29.0
2024-09-21,TFL-J-630572,Tube,Canary Wharf,Bank,2024-09-21 07:54:00,2024-09-21 08:29:00,4.98,18,Tower Hamlets,City of London,35.0
2024-01-10,TFL-J-531551,Tube,Stratford,Canary Wharf,2024-01-10 09:52:00,2024-01-10 10:19:00,3.31,12,Newham,Tower Hamlets,27.0
2024-08-23,TFL-J-162227,Tube,Paddington,London Bridge,2024-08-23 13:54:00,2024-08-23 14:28:00,4.54,1,Westminster,Southwark,34.0
2024-11-20,TFL-J-847182,Bus,Paddington,Liverpool Street,2024-11-20 23:29:00,2024-11-21 00:03:00,1.75,0,Westminster,City of London,34.0
2024-02-10,TFL-J-384951,Tube,Victoria,Euston,2024-02-10 16:39:00,2024-02-10 17:16:00,5.01,3,Westminster,Camden,37.0
2024-07-06,TFL-J-356454,Bus,Waterloo,Victoria,2024-07-06 14:11:00,2024-07-06 14:43:00,1.75,0,Lambeth,Westminster,32.0
2024-02-08,TFL-J-622032,Tube,Stratford,Waterloo,2024-02-08 07:58:00,2024-02-08 08:34:00,5.08,11,Newham,Lambeth,36.0
2024-01-27,TFL-J-907889,Tube,London Bridge,Paddington,2024-01-27 18:19:00,2024-01-27 19:06:00,3.01,14,Southwark,Westminster,47.0
2024-05-03,TFL-J-826402,Tube,Liverpool Street,London Bridge,2024-05-03 14:03:00,2024-05-03 14:41:00,4.37,4,City of London,Southwark,38.0
2024-07-29,TFL-J-115537,Tube,Victoria,Stratford,2024-07-29 12:45:00,2024-07-29 13:25:00,4.25,3,Westminster,Newham,40.0
2024-03-03,TFL-J-253675,Bus,Victoria,Paddington,2024-03-03 16:48:00,2024-03-03 17:11:00,1.75,2,Westminster,Westminster,23.0
2024-04-10,TFL-J-804517,Overground,Liverpool Street,Canary Wharf,2024-04-10 16:14:00,2024-04-10 16:45:00,3.99,1,City of London,Tower Hamlets,31.0
2024-11-16,TFL-J-737279,Tube,Waterloo,Euston,2024-11-16 09:42:00,2024-11-16 10:30:00,2.97,4,Lambeth,Camden,48.0
2024-03-25,TFL-J-717936,Overground,Stratford,Waterloo,2024-03-25 21:21:00,2024-03-25 21:46:00,2.85,1,Newham,Lambeth,25.0
2024-05-14,TFL-J-680192,Tube,Paddington,Canary Wharf,2024-05-14 19:20:00,2024-05-14 19:44:00,5.0,3,Westminster,Tower Hamlets,24.0
2024-01-02,TFL-J-424699,Bus,Euston,Waterloo,2024-01-02 17:00:00,2024-01-02 17:56:00,1.75,26,Camden,Lambeth,56.0
2024-04-05,TFL-J-950819,Bus,Waterloo,Stratford,2024-04-05 07:58:00,2024-04-05 08:37:00,1.75,17,Lambeth,Newham,39.0
2024-06-04,TFL-J-890591,Tube,Waterloo,Victoria,2024-06-04 11:08:00,2024-06-04 11:49:00,3.44,1,Lambeth,Westminster,41.0
2024-10-23,TFL-J-901164,Tube,London Bridge,Victoria,2024-10-23 23:19:00,2024-10-24 00:03:00,4.76,3,Southwark,Westminster,44.0
2024-05-21,TFL-J-368832,Tube,Euston,Canary Wharf,2024-05-21 15:17:00,2024-05-21 15:58:00,3.48,0,Camden,Tower Hamlets,41.0
2024-12-03,TFL-J-369097,Tube,Bank,Victoria,2024-12-03 08:25:00,2024-12-03 09:15:00,4.93,16,City of London,Westminster,50.0
2024-12-25,TFL-J-179776,Tube,Canary Wharf,Stratford,2024-12-25 07:23:00,2024-12-25 08:15:00,5.0,35,Tower Hamlets,Newham,52.0
2024-02-24,TFL-J-859550,Tube,Euston,Waterloo,2024-02-24 11:25:00,2024-02-24 11:43:00,4.26,3,Camden,Lambeth,18.0
2024-12-10,TFL-J-591483,Bus,Paddington,Victoria,2024-12-10 08:01:00,2024-12-10 08:52:00,1.75,13,Westminster,Westminster,51.0
2024-09-13,TFL-J-660741,Tube,Bank,Victoria,2024-09-13 15:43:00,2024-09-13 16:04:00,3.79,0,City of London,Westminster,21.0
2024-04-18,TFL-J-600813,Tube,Liverpool Street,Bank,2024-04-18 17:18:00,2024-04-18 17:57:00,3.08,2,City of London,City of London,39.0
2024-11-09,TFL-J-922589,Bus,Bank,Waterloo,2024-11-09 16:43:00,2024-11-09 17:16:00,1.75,2,City of London,Lambeth,33.0
2024-10-24,TFL-J-623547,Bus,Kings Cross,London Bridge,2024-10-24 22:58:00,2024-10-24 23:32:00,1.75,0,Camden,Southwark,34.0
2024-04-22,TFL-J-620067,Tube,Stratford,Euston,2024-04-22 16:32:00,2024-04-22 17:22:00,3.48,27,Newham,Camden,50.0
2024-08-26,TFL-J-163440,Tube,Kings Cross,Euston,2024-08-26 17:34:00,2024-08-26 17:54:00,5.48,3,Camden,Camden,20.0
2024-03-19,TFL-J-426276,Tube,Victoria,Canary Wharf,2024-03-19 14:52:00,2024-03-19 15:18:00,4.65,0,Westminster,Tower Hamlets,26.0
2024-03-25,TFL-J-186114,Tube,London Bridge,Bank,2024-03-25 14:33:00,2024-03-25 14:55:00,3.1,3,Southwark,City of London,22.0
2024-11-22,TFL-J-274431,Tube,Waterloo,Stratford,2024-11-22 08:03:00,2024-11-22 08:18:00,3.89,0,Lambeth,Newham,15.0
2024-11-15,TFL-J-752816,Tube,Liverpool Street,Waterloo,2024-11-15 20:51:00,2024-11-15 21:12:00,5.26,3,City of London,Lambeth,21.0
2024-03-21,TFL-J-631292,Tube,Victoria,Canary Wharf,2024-03-21 07:32:00,2024-03-21 08:41:00,3.21,51,Westminster,Tower Hamlets,69.0
2024-09-26,TFL-J-726842,Tube,Stratford,Canary Wharf,2024-09-26 23:03:00,2024-09-26 23:29:00,4.61,2,Newham,Tower Hamlets,26.0
2024-02-25,TFL-J-440696,Bus,Liverpool Street,Waterloo,2024-02-25 07:05:00,2024-02-25 07:32:00,1.75,3,City of London,Lambeth,27.0
2024-11-11,TFL-J-647307,Tube,Victoria,Paddington,2024-11-11 08:15:00,2024-11-11 08:24:00,9.4,4,Westminster,Westminster,9.0
2024-06-05,TFL-J-121907,Bus,Stratford,Victoria,2024-06-05 08:56:00,2024-06-05 09:21:00,1.75,5,Newham,Westminster,25.0
2024-08-08,TFL-J-852209,Bus,Euston,Liverpool Street,2024-08-08 20:52:00,2024-08-08 21:23:00,1.75,2,Camden,City of London,31.0
2024-11-19,TFL-J-299207,Bus,Stratford,Bank,2024-11-19 16:57:00,2024-11-19 17:42:00,1.75,13,Newham,City of London,45.0
2024-06-06,TFL-J-782161,Tube,Victoria,Euston,2024-06-06 22:57:00,2024-06-06 23:31:00,4.91,2,Westminster,Camden,34.0
2024-02-09,TFL-J-828094,Overground,London Bridge,Kings Cross,2024-02-09 18:20:00,2024-02-09 18:57:00,3.89,3,Southwark,Camden,37.0
2024-09-09,TFL-J-985916,Bus,London Bridge,Paddington,2024-09-09 17:28:00,2024-09-09 18:20:00,1.75,8,Southwark,Westminster,52.0
2024-03-23,TFL-J-536511,Tube,Bank,Victoria,2024-03-23 16:23:00,2024-03-23 16:43:00,4.53,2,City of London,Westminster,20.0
2024-03-29,TFL-J-311196,Bus,Euston,Victoria,2024-03-29 07:00:00,2024-03-29 07:26:00,1.75,4,Camden,Westminster,26.0
2024-08-20,TFL-J-266457,Tube,Paddington,London Bridge,2024-08-20 16:48:00,2024-08-20 17:36:00,3.46,4,Westminster,Southwark,48.0
2024-10-01,TFL-J-272018,Tube,Bank,London Bridge,2024-10-01 18:31:00,2024-10-01 19:17:00,5.49,1,City of London,Southwark,46.0
2024-11-15,TFL-J-984179,Bus,London Bridge,Stratford,2024-11-15 09:34:00,2024-11-15 10:24:00,1.75,9,Southwark,Newham,50.0
2024-09-23,TFL-J-240149,Bus,Canary Wharf,Bank,2024-09-23 17:24:00,2024-09-23 18:22:00,1.75,22,Tower Hamlets,City of London,58.0
2024-08-16,TFL-J-331719,Tube,London Bridge,Stratford,2024-08-16 17:09:00,2024-08-16 17:54:00,3.08,21,Southwark,Newham,45.0
2024-03-13,TFL-J-150012,Tube,Bank,Kings Cross,2024-03-13 08:36:00,2024-03-13 09:02:00,4.19,1,City of London,Camden,26.0
2024-10-12,TFL-J-844795,Tube,Waterloo,Kings Cross,2024-10-12 17:17:00,2024-10-12 17:59:00,4.59,6,Lambeth,Camden,42.0
2024-07-20,TFL-J-669791,Tube,Euston,Stratford,2024-07-20 12:27:00,2024-07-20 12:51:00,5.45,0,Camden,Newham,24.0
2024-03-16,TFL-J-495813,Bus,Paddington,Kings Cross,2024-03-16 18:23:00,2024-03-16 18:59:00,1.75,20,Westminster,Camden,36.0
2024-10-13,TFL-J-687921,Tube,Bank,Waterloo,2024-10-13 08:41:00,2024-10-13 09:20:00,4.57,20,City of London,Lambeth,39.0
2024-04-11,TFL-J-817804,Tube,Bank,Waterloo,2024-04-11 17:08:00,2024-04-11 17:28:00,4.32,3,City of London,Lambeth,20.0
2024-06-02,TFL-J-399346,Bus,Paddington,Stratford,2024-06-02 18:59:00,2024-06-02 19:21:00,1.75,0,Westminster,Newham,22.0
2024-07-30,TFL-J-493965,Tube,Canary Wharf,Bank,2024-07-30 14:49:00,2024-07-30 15:32:00,4.96,0,Tower Hamlets,City of London,43.0
2024-01-30,TFL-J-683648,Bus,Liverpool Street,Waterloo,2024-01-30 16:48:00,2024-01-30 17:32:00,1.75,12,City of London,Lambeth,44.0
2024-07-19,TFL-J-604916,Bus,Victoria,Euston,2024-07-19 21:49:00,2024-07-19 22:35:00,1.75,8,Westminster,Camden,46.0
2024-02-28,TFL-J-625763,Overground,Paddington,Kings Cross,2024-02-28 15:49:00,2024-02-28 16:13:00,3.86,0,Westminster,Camden,24.0
2024-07-23,TFL-J-748129,Bus,Euston,Bank,2024-07-23 19:09:00,2024-07-23 19:47:00,1.75,0,Camden,City of London,38.0
2024-01-16,TFL-J-241351,Bus,Paddington,Liverpool Street,2024-01-16 17:23:00,2024-01-16 18:14:00,1.75,34,Westminster,City of London,51.0
2024-11-24,TFL-J-141284,Tube,Bank,London Bridge,2024-11-24 17:16:00,2024-11-24 17:59:00,4.97,8,City of London,Southwark,43.0
2024-06-04,TFL-J-196015,Bus,London Bridge,Kings Cross,2024-06-04 17:57:00,2024-06-04 18:53:00,1.75,11,Southwark,Camden,56.0
2024-09-04,TFL-J-934763,Tube,Liverpool Street,Euston,2024-09-04 18:06:00,2024-09-04 18:30:00,3.44,3,City of London,Camden,24.0
2024-12-19,TFL-J-176212,Tube,Kings Cross,Victoria,2024-12-19 13:29:00,2024-12-19 14:13:00,5.11,8,Camden,Westminster,44.0
2024-04-14,TFL-J-843822,Bus,Canary Wharf,Euston,2024-04-14 10:45:00,2024-04-14 11:06:00,1.75,6,Tower Hamlets,Camden,21.0
2024-07-29,TFL-J-902141,Bus,Victoria,Euston,2024-07-29 09:47:00,2024-07-29 10:12:00,1.75,0,Westminster,Camden,25.0
2024-12-28,TFL-J-108895,Tube,Waterloo,Victoria,2024-12-28 07:48:00,2024-12-28 08:17:00,5.09,9,Lambeth,Westminster,29.0
2024-09-14,TFL-J-305912,Bus,Bank,Stratford,2024-09-14 16:12:00,2024-09-14 16:45:00,1.75,0,City of London,Newham,33.0
2024-02-11,TFL-J-807623,Tube,Bank,Waterloo,2024-02-11 07:16:00,2024-02-11 08:17:00,5.08,25,City of London,Lambeth,61.0
2024-04-14,TFL-J-214171,Bus,Liverpool Street,Paddington,2024-04-14 11:59:00,2024-04-14 12:44:00,1.75,1,City of London,Westminster,45.0
2024-08-11,TFL-J-522151,Tube,Bank,Stratford,2024-08-11 17:13:00,2024-08-11 17:42:00,4.4,3,City of London,Newham,29.0
2024-09-09,TFL-J-900980,Tube,Bank,Paddington,2024-09-09 09:21:00,2024-09-09 09:48:00,5.15,4,City of London,Westminster,27.0
2024-06-21,TFL-J-838498,Tube,Liverpool Street,Kings Cross,2024-06-21 23:26:00,2024-06-21 23:55:00,3.99,10,City of London,Camden,29.0
2024-01-21,TFL-J-480774,Overground,Kings Cross,London Bridge,2024-01-21 08:43:00,2024-01-21 09:40:00,5.09,33,Camden,Southwark,57.0
2024-05-10,TFL-J-738968,Tube,Paddington,Kings Cross,2024-05-10 18:55:00,2024-05-10 19:36:00,3.95,8,Westminster,Camden,41.0
2024-12-15,TFL-J-462871,Tube,Euston,Bank,2024-12-15 21:32:00,2024-12-15 21:42:00,9.4,3,Camden,City of London,10.0
2024-06-16,TFL-J-561652,Bus,Bank,Liverpool Street,2024-06-16 08:23:00,2024-06-16 09:13:00,1.75,9,City of London,City of London,50.0
2024-11-15,TFL-J-632887,Overground,Victoria,Euston,2024-11-15 12:18:00,2024-11-15 12:44:00,4.3,9,Westminster,Camden,26.0
2024-05-22,TFL-J-646853,Bus,Canary Wharf,Euston,2024-05-22 20:53:00,2024-05-22 21:37:00,1.75,1,Tower Hamlets,Camden,44.0
2024-12-29,TFL-J-311752,Tube,Waterloo,Kings Cross,2024-12-29 15:23:00,2024-12-29 16:10:00,5.38,3,Lambeth,Camden,47.0
2024-05-31,TFL-J-226356,Bus,Canary Wharf,Kings Cross,2024-05-31 09:42:00,2024-05-31 10:28:00,1.75,7,Tower Hamlets,Camden,46.0
2024-05-10,TFL-J-680946,Bus,London Bridge,Paddington,2024-05-10 13:41:00,2024-05-10 13:59:00,1.75,1,Southwark,Westminster,18.0
2024-01-25,TFL-J-998303,Tube,Canary Wharf,Liverpool Street,2024-01-25 07:43:00,2024-01-25 08:35:00,5.4,11,Tower Hamlets,City of London,52.0
2024-03-04,TFL-J-321185,Tube,Kings Cross,Victoria,2024-03-04 08:01:00,2024-03-04 08:38:00,3.65,10,Camden,Westminster,37.0
2024-07-30,TFL-J-509272,Tube,Bank,Kings Cross,2024-07-30 11:34:00,2024-07-30 12:14:00,3.31,4,City of London,Camden,40.0
2024-10-29,TFL-J-133337,Bus,Kings Cross,Victoria,2024-10-29 09:42:00,2024-10-29 10:31:00,1.75,23,Camden,Westminster,49.0
2024-10-21,TFL-J-840721,Tube,Euston,Stratford,2024-10-21 17:29:00,2024-10-21 18:06:00,12.8,15,Camden,Newham,37.0
2024-04-14,TFL-J-177679,Bus,Canary Wharf,Victoria,2024-04-14 19:14:00,2024-04-14 19:37:00,1.75,3,Tower Hamlets,Westminster,23.0
2024-03-20,TFL-J-489996,Bus,Kings Cross,London Bridge,2024-03-20 18:38:00,2024-03-20 19:54:00,1.75,31,Camden,Southwark,76.0
2024-04-08,TFL-J-589076,Tube,Kings Cross,London Bridge,2024-04-08 09:01:00,2024-04-08 09:17:00,2.97,0,Camden,Southwark,16.0
2024-11-15,TFL-J-618533,Overground,Liverpool Street,Kings Cross,2024-11-15 13:41:00,2024-11-15 14:14:00,4.31,5,City of London,Camden,33.0
2024-09-26,TFL-J-977328,Tube,Kings Cross,Waterloo,2024-09-26 18:13:00,2024-09-26 18:55:00,3.8,7,Camden,Lambeth,42.0
2024-01-23,TFL-J-781998,Tube,Bank,Paddington,2024-01-23 10:16:00,2024-01-23 10:48:00,3.09,1,City of London,Westminster,32.0
2024-09-23,TFL-J-391614,Tube,Victoria,Paddington,2024-09-23 10:40:00,2024-09-23 10:45:00,9.4,6,Westminster,Westminster,5.0
2024-03-12,TFL-J-893867,Tube,Paddington,London Bridge,2024-03-12 08:50:00,2024-03-12 09:47:00,4.92,22,Westminster,Southwark,57.0
2024-02-13,TFL-J-785141,Bus,Victoria,Liverpool Street,2024-02-13 09:03:00,2024-02-13 09:47:00,1.75,1,Westminster,City of London,44.0
2024-09-03,TFL-J-499161,Bus,Bank,Canary Wharf,2024-09-03 13:48:00,2024-09-03 14:33:00,1.75,3,City of London,Tower Hamlets,45.0
2024-05-12,TFL-J-720023,Bus,Kings Cross,London Bridge,2024-05-12 16:43:00,2024-05-12 17:34:00,1.75,23,Camden,Southwark,51.0
2024-06-05,TFL-J-579957,Tube,Bank,London Bridge,2024-06-05 21:03:00,2024-06-05 21:54:00,2.88,11,City of London,Southwark,51.0
2024-07-12,TFL-J-939441,Overground,Victoria,Canary Wharf,2024-07-12 09:09:00,2024-07-12 10:03:00,4.13,26,Westminster,Tower Hamlets,54.0
2024-08-17,TFL-J-235282,Bus,Liverpool Street,Euston,2024-08-17 20:32:00,2024-08-17 20:54:00,1.75,2,City of London,Camden,22.0
2024-03-04,TFL-J-554578,Tube,Canary Wharf,Stratford,2024-03-04 07:53:00,2024-03-04 08:36:00,3.84,0,Tower Hamlets,Newham,43.0
2024-08-06,TFL-J-134094,Tube,Victoria,Euston,2024-08-06 09:30:00,2024-08-06 10:12:00,2.82,21,Westminster,Camden,42.0
2024-08-22,TFL-J-839356,Overground,Euston,Liverpool Street,2024-08-22 15:25:00,2024-08-22 15:50:00,4.53,3,Camden,City of London,25.0
2024-10-16,TFL-J-192086,Tube,Victoria,Stratford,2024-10-16 16:53:00,2024-10-16 17:14:00,3.87,2,Westminster,Newham,21.0
2024-03-18,TFL-J-427558,Tube,Liverpool Street,Waterloo,2024-03-18 18:54:00,2024-03-18 19:36:00,2.86,9,City of London,Lambeth,42.0
2024-10-14,TFL-J-900944,Bus,Stratford,Paddington,2024-10-14 17:24:00,2024-10-14 17:28:00,9.4,4,Newham,Westminster,4.0
2024-12-02,TFL-J-142021,Bus,Kings Cross,Euston,2024-12-02 07:54:00,2024-12-02 08:15:00,1.75,2,Camden,Camden,21.0
2024-07-07,TFL-J-795628,Tube,Paddington,Euston,2024-07-07 08:18:00,2024-07-07 09:03:00,4.14,14,Westminster,Camden,45.0
2024-09-07,TFL-J-478124,Tube,Euston,Paddington,2024-09-07 14:15:00,2024-09-07 15:00:00,3.52,3,Camden,Westminster,45.0
2024-01-21,TFL-J-596060,Tube,Victoria,Paddington,2024-01-21 12:08:00,2024-01-21 12:25:00,3.7,1,Westminster,Westminster,17.0
2024-01-08,TFL-J-636479,Tube,Waterloo,Victoria,2024-01-08 16:23:00,2024-01-08 16:57:00,3.8,0,Lambeth,Westminster,34.0
2024-06-11,TFL-J-378646,Tube,Paddington,Liverpool Street,2024-06-11 07:57:00,2024-06-11 08:49:00,4.46,17,Westminster,City of London,52.0
2024-02-04,TFL-J-161020,Tube,Euston,Stratford,2024-02-04 18:19:00,2024-02-04 18:53:00,5.3,11,Camden,Newham,34.0
2024-09-10,TFL-J-639538,Tube,Canary Wharf,Paddington,2024-09-10 14:08:00,2024-09-10 14:36:00,3.12,1,Tower Hamlets,Westminster,28.0
2024-04-25,TFL-J-146492,Tube,Victoria,Euston,2024-04-25 16:41:00,2024-04-25 17:46:00,4.54,21,Westminster,Camden,65.0
2024-12-07,TFL-J-600446,Tube,Kings Cross,London Bridge,2024-12-07 13:33:00,2024-12-07 14:13:00,3.11,1,Camden,Southwark,40.0
2024-12-22,TFL-J-986374,Tube,Canary Wharf,Liverpool Street,2024-12-22 17:29:00,2024-12-22 17:54:00,5.19,2,Tower Hamlets,City of London,25.0
2024-08-12,TFL-J-744306,Bus,London Bridge,Euston,2024-08-12 14:38:00,2024-08-12 15:03:00,1.75,2,Southwark,Camden,25.0
2024-03-27,TFL-J-960684,Tube,Liverpool Street,Canary Wharf,2024-03-27 07:39:00,2024-03-27 08:16:00,3.43,10,City of London,Tower Hamlets,37.0
2024-10-28,TFL-J-345870,Tube,Canary Wharf,Paddington,2024-10-28 13:14:00,2024-10-28 13:30:00,3.56,1,Tower Hamlets,Westminster,16.0
2024-03-11,TFL-J-409627,Overground,Liverpool Street,London Bridge,2024-03-11 14:50:00,2024-03-11 15:31:00,7.03,6,City of London,Southwark,41.0
2024-10-21,TFL-J-565401,Tube,Liverpool Street,Bank,2024-10-21 07:10:00,2024-10-21 08:02:00,5.49,12,City of London,City of London,52.0
2024-12-29,TFL-J-986227,Tube,Canary Wharf,Paddington,2024-12-29 07:23:00,2024-12-29 07:55:00,4.61,3,Tower Hamlets,Westminster,32.0
2024-10-31,TFL-J-849213,Tube,Waterloo,Kings Cross,2024-10-31 07:04:00,2024-10-31 07:59:00,2.83,18,Lambeth,Camden,55.0
2024-12-24,TFL-J-711382,Tube,Euston,Victoria,2024-12-24 08:39:00,2024-12-24 09:30:00,4.4,12,Camden,Westminster,51.0
2024-05-30,TFL-J-204597,Tube,Paddington,Liverpool Street,2024-05-30 14:13:00,2024-05-30 14:47:00,4.05,4,Westminster,City of London,34.0
2024-12-29,TFL-J-921648,Bus,Victoria,Waterloo,2024-12-29 11:14:00,2024-12-29 11:51:00,1.75,0,Westminster,Lambeth,37.0
2024-04-16,TFL-J-746730,Overground,Stratford,Victoria,2024-04-16 07:24:00,2024-04-16 08:12:00,5.31,9,Newham,Westminster,48.0
2024-12-06,TFL-J-870922,Tube,Euston,Kings Cross,2024-12-06 13:25:00,2024-12-06 14:03:00,4.75,5,Camden,Camden,38.0
2024-11-12,TFL-J-669431,Overground,Kings Cross,Victoria,2024-11-12 14:32:00,2024-11-12 15:05:00,3.61,2,Camden,Westminster,33.0
2024-06-29,TFL-J-483877,Overground,Liverpool Street,Euston,2024-06-29 15:07:00,2024-06-29 15:54:00,4.43,2,City of London,Camden,47.0
2024-04-04,TFL-J-851677,Tube,Victoria,Waterloo,2024-04-04 07:08:00,2024-04-04 08:10:00,4.14,27,Westminster,Lambeth,62.0
2024-06-21,TFL-J-756755,Tube,London Bridge,Canary Wharf,2024-06-21 23:25:00,2024-06-22 00:09:00,4.55,0,Southwark,Tower Hamlets,44.0
2024-12-15,TFL-J-743712,Tube,Waterloo,Stratford,2024-12-15 07:47:00,2024-12-15 08:15:00,3.18,8,Lambeth,Newham,28.0
2024-03-31,TFL-J-912110,Bus,Waterloo,Liverpool Street,2024-03-31 08:13:00,2024-03-31 08:36:00,1.75,6,Lambeth,City of London,23.0
2024-05-07,TFL-J-375080,Bus,London Bridge,Bank,2024-05-07 16:22:00,2024-05-07 16:42:00,1.75,4,Southwark,City of London,20.0
2024-01-10,TFL-J-691141,Bus,Liverpool Street,Paddington,2024-01-10 18:12:00,2024-01-10 19:11:00,1.75,23,City of London,Westminster,59.0
2024-02-27,TFL-J-223459,Tube,Waterloo,Bank,2024-02-27 08:48:00,2024-02-27 09:28:00,4.77,15,Lambeth,City of London,40.0
2024-10-08,TFL-J-854577,Tube,Stratford,Waterloo,2024-10-08 08:32:00,2024-10-08 09:13:00,4.3,13,Newham,Lambeth,41.0
2024-11-29,TFL-J-422187,Overground,Stratford,Paddington,2024-11-29 08:37:00,2024-11-29 09:05:00,5.39,10,Newham,Westminster,28.0
2024-06-20,TFL-J-657621,Tube,Bank,Liverpool Street,2024-06-20 07:47:00,2024-06-20 08:47:00,5.09,23,City of London,City of London,60.0
2024-03-17,TFL-J-300788,Tube,Canary Wharf,London Bridge,2024-03-17 07:16:00,2024-03-17 07:51:00,4.87,0,Tower Hamlets,Southwark,35.0
2024-01-28,TFL-J-304267,Overground,Euston,Paddington,2024-01-28 08:03:00,2024-01-28 08:42:00,5.27,7,Camden,Westminster,39.0
2024-09-13,TFL-J-942444,Tube,Paddington,Waterloo,2024-09-13 21:10:00,2024-09-13 21:30:00,4.43,1,Westminster,Lambeth,20.0
2024-09-30,TFL-J-146292,Tube,Stratford,Victoria,2024-09-30 16:01:00,2024-09-30 16:44:00,3.71,3,Newham,Westminster,43.0
2024-05-20,TFL-J-135270,Bus,Victoria,Kings Cross,2024-05-20 17:07:00,2024-05-20 17:28:00,1.75,1,Westminster,Camden,21.0
2024-12-23,TFL-J-512842,Tube,Kings Cross,Waterloo,2024-12-23 16:02:00,2024-12-23 16:48:00,3.31,7,Camden,Lambeth,46.0
2024-03-12,TFL-J-230235,Overground,Paddington,Euston,2024-03-12 11:24:00,2024-03-12 11:49:00,4.57,0,Westminster,Camden,25.0
2024-10-17,TFL-J-981083,Tube,Paddington,Stratford,2024-10-17 08:54:00,2024-10-17 09:48:00,3.87,29,Westminster,Newham,54.0
2024-03-25,TFL-J-416622,Tube,Paddington,Canary Wharf,2024-03-25 07:27:00,2024-03-25 08:20:00,4.27,16,Westminster,Tower Hamlets,53.0
2024-02-03,TFL-J-890596,Tube,Stratford,Paddington,2024-02-03 07:29:00,2024-02-03 08:20:00,4.13,8,Newham,Westminster,51.0
2024-04-28,TFL-J-503117,Tube,London Bridge,Victoria,2024-04-28 12:06:00,2024-04-28 12:40:00,4.21,1,Southwark,Westminster,34.0
2024-12-24,TFL-J-506621,Tube,London Bridge,Canary Wharf,2024-12-24 09:53:00,2024-12-24 10:52:00,3.72,18,Southwark,Tower Hamlets,59.0
2024-03-27,TFL-J-594396,Tube,Euston,London Bridge,2024-03-27 09:35:00,2024-03-27 09:56:00,4.51,2,Camden,Southwark,21.0
2024-06-07,TFL-J-419026,Tube,London Bridge,Stratford,2024-06-07 16:18:00,2024-06-07 16:48:00,4.53,9,Southwark,Newham,30.0
2024-07-15,TFL-J-627485,Tube,Canary Wharf,Euston,2024-07-15 08:50:00,2024-07-15 09:36:00,3.19,2,Tower Hamlets,Camden,46.0
2024-03-10,TFL-J-617800,Overground,Waterloo,Euston,2024-03-10 20:54:00,2024-03-10 21:21:00,3.49,2,Lambeth,Camden,27.0
2024-06-23,TFL-J-892120,Tube,Stratford,Waterloo,2024-06-23 11:45:00,2024-06-23 12:13:00,2.98,1,Newham,Lambeth,28.0
2024-11-03,TFL-J-111787,Tube,Euston,London Bridge,2024-11-03 16:24:00,2024-11-03 17:01:00,3.28,17,Camden,Southwark,37.0
2024-11-11,TFL-J-851752,Tube,Canary Wharf,Waterloo,2024-11-11 20:21:00,2024-11-11 21:06:00,9.28,3,Tower Hamlets,Lambeth,45.0
2024-01-11,TFL-J-617283,Tube,Liverpool Street,Victoria,2024-01-11 21:18:00,2024-01-11 22:02:00,3.17,0,City of London,Westminster,44.0
2024-05-02,TFL-J-532786,Tube,Victoria,Kings Cross,2024-05-02 12:10:00,2024-05-02 12:54:00,5.5,3,Westminster,Camden,44.0
2024-03-04,TFL-J-255966,Overground,Bank,Stratford,2024-03-04 20:20:00,2024-03-04 20:47:00,4.96,0,City of London,Newham,27.0
2024-10-25,TFL-J-650598,Overground,Paddington,Waterloo,2024-10-25 17:04:00,2024-10-25 17:47:00,4.01,4,Westminster,Lambeth,43.0
2024-10-16,TFL-J-910011,Bus,Canary Wharf,Kings Cross,2024-10-16 09:25:00,2024-10-16 10:09:00,1.75,13,Tower Hamlets,Camden,44.0
2024-12-16,TFL-J-819423,Tube,Canary Wharf,Waterloo,2024-12-16 13:00:00,2024-12-16 13:21:00,5.21,1,Tower Hamlets,Lambeth,21.0
2024-07-08,TFL-J-455557,Tube,Victoria,Canary Wharf,2024-07-08 11:28:00,2024-07-08 12:04:00,2.97,0,Westminster,Tower Hamlets,36.0
2024-11-09,TFL-J-623510,Bus,London Bridge,Bank,2024-11-09 16:22:00,2024-11-09 17:14:00,1.75,11,Southwark,City of London,52.0
2024-03-08,TFL-J-229580,Bus,London Bridge,Waterloo,2024-03-08 17:50:00,2024-03-08 18:21:00,1.75,9,Southwark,Lambeth,31.0
2024-12-21,TFL-J-864139,Tube,Canary Wharf,London Bridge,2024-12-21 21:45:00,2024-12-21 21:51:00,9.4,3,Tower Hamlets,Southwark,6.0
2024-05-05,TFL-J-758601,Bus,Bank,Liverpool Street,2024-05-05 17:13:00,2024-05-05 17:56:00,1.75,0,City of London,City of London,43.0
2024-07-22,TFL-J-618093,Tube,Liverpool Street,Stratford,2024-07-22 14:24:00,2024-07-22 15:04:00,3.0,2,City of London,Newham,40.0
2024-03-18,TFL-J-180058,Bus,Kings Cross,Stratford,2024-03-18 14:45:00,2024-03-18 15:28:00,1.75,1,Camden,Newham,43.0
2024-01-27,TFL-J-467806,Tube,Liverpool Street,Euston,2024-01-27 10:52:00,2024-01-27 10:55:00,9.4,2,City of London,Camden,3.0
2024-06-17,TFL-J-943034,Tube,Liverpool Street,Euston,2024-06-17 16:52:00,2024-06-17 17:12:00,3.24,1,City of London,Camden,20.0
2024-04-05,TFL-J-650821,Bus,Euston,Stratford,2024-04-05 09:27:00,2024-04-05 10:07:00,1.75,6,Camden,Newham,40.0
2024-12-12,TFL-J-835874,Bus,Stratford,London Bridge,2024-12-12 16:40:00,2024-12-12 17:10:00,1.75,9,Newham,Southwark,30.0
2024-03-01,TFL-J-521474,Tube,London Bridge,Paddington,2024-03-01 09:52:00,2024-03-01 10:45:00,9.12,9,Southwark,Westminster,53.0
2024-11-28,TFL-J-500829,Tube,Canary Wharf,Paddington,2024-11-28 09:35:00,2024-11-28 10:15:00,3.46,8,Tower Hamlets,Westminster,40.0
2024-01-28,TFL-J-502740,Bus,Paddington,Liverpool Street,2024-01-28 13:48:00,2024-01-28 14:07:00,1.75,0,Westminster,City of London,19.0
2024-07-15,TFL-J-368753,Tube,Waterloo,Liverpool Street,2024-07-15 18:02:00,2024-07-15 18:34:00,3.67,16,Lambeth,City of London,32.0
2024-08-01,TFL-J-981103,Bus,Paddington,Victoria,2024-08-01 16:52:00,2024-08-01 17:53:00,1.75,16,Westminster,Westminster,61.0
2024-05-23,TFL-J-171286,Bus,Euston,Victoria,2024-05-23 07:38:00,2024-05-23 08:08:00,1.75,5,Camden,Westminster,30.0
2024-02-16,TFL-J-606168,Bus,Stratford,Waterloo,2024-02-16 09:26:00,2024-02-16 10:14:00,1.75,4,Newham,Lambeth,48.0
2024-12-20,TFL-J-623806,Overground,Paddington,Waterloo,2024-12-20 17:53:00,2024-12-20 18:52:00,5.15,42,Westminster,Lambeth,59.0
2024-05-16,TFL-J-795177,Bus,Waterloo,Bank,2024-05-16 17:59:00,2024-05-16 18:27:00,1.75,7,Lambeth,City of London,28.0
2024-06-22,TFL-J-130059,Tube,Paddington,Liverpool Street,2024-06-22 18:17:00,2024-06-22 19:18:00,4.58,26,Westminster,City of London,61.0
2024-06-17,TFL-J-367175,Bus,Waterloo,Kings Cross,2024-06-17 09:02:00,2024-06-17 09:45:00,1.75,8,Lambeth,Camden,43.0
2024-11-10,TFL-J-112054,Tube,Canary Wharf,Paddington,2024-11-10 10:24:00,2024-11-10 10:49:00,13.55,0,Tower Hamlets,Westminster,25.0
2024-05-12,TFL-J-184223,Tube,Bank,Stratford,2024-05-12 09:20:00,2024-05-12 09:59:00,3.94,11,City of London,Newham,39.0
2024-11-10,TFL-J-997686,Bus,London Bridge,Liverpool Street,2024-11-10 18:15:00,2024-11-10 19:10:00,1.75,16,Southwark,City of London,55.0
2024-07-09,TFL-J-181417,Tube,Euston,Paddington,2024-07-09 07:05:00,2024-07-09 08:00:00,5.21,10,Camden,Westminster,55.0
2024-11-28,TFL-J-225460,Tube,Victoria,London Bridge,2024-11-28 09:24:00,2024-11-28 10:17:00,4.67,19,Westminster,Southwark,53.0
2024-03-07,TFL-J-326661,Tube,Kings Cross,Euston,2024-03-07 16:01:00,2024-03-07 16:48:00,4.52,2,Camden,Camden,47.0
2024-11-07,TFL-J-737369,Tube,Paddington,London Bridge,2024-11-07 17:58:00,2024-11-07 18:27:00,4.09,2,Westminster,Southwark,29.0
2024-10-15,TFL-J-808961,Tube,Paddington,Bank,2024-10-15 07:40:00,2024-10-15 08:45:00,3.81,28,Westminster,City of London,65.0
2024-02-15,TFL-J-923185,Overground,Euston,Canary Wharf,2024-02-15 12:42:00,2024-02-15 12:59:00,3.25,0,Camden,Tower Hamlets,17.0
2024-03-22,TFL-J-479402,Bus,Canary Wharf,Liverpool Street,2024-03-22 08:29:00,2024-03-22 09:13:00,1.75,9,Tower Hamlets,City of London,44.0
2024-01-21,TFL-J-658370,Tube,Stratford,Liverpool Street,2024-01-21 08:05:00,2024-01-21 08:23:00,5.11,1,Newham,City of London,18.0
2024-11-03,TFL-J-327574,Tube,Waterloo,Liverpool Street,2024-11-03 16:20:00,2024-11-03 17:05:00,4.05,18,Lambeth,City of London,45.0
2024-08-21,TFL-J-761998,Bus,Stratford,Canary Wharf,2024-08-21 16:29:00,2024-08-21 17:23:00,1.75,37,Newham,Tower Hamlets,54.0
2024-05-15,TFL-J-796183,Overground,Euston,Victoria,2024-05-15 18:51:00,2024-05-15 19:22:00,3.0,16,Camden,Westminster,31.0
2024-03-08,TFL-J-881829,Bus,London Bridge,Paddington,2024-03-08 17:08:00,2024-03-08 17:38:00,1.75,6,Southwark,Westminster,30.0
2024-09-04,TFL-J-865645,Overground,Liverpool Street,Stratford,2024-09-04 09:42:00,2024-09-04 10:41:00,5.34,23,City of London,Newham,59.0
2024-12-09,TFL-J-300463,Bus,Kings Cross,Victoria,2024-12-09 08:56:00,2024-12-09 09:22:00,1.75,4,Camden,Westminster,26.0
2024-11-09,TFL-J-408076,Bus,Canary Wharf,Euston,2024-11-09 15:47:00,2024-11-09 16:11:00,1.75,0,Tower Hamlets,Camden,24.0
2024-10-08,TFL-J-113969,Tube,Liverpool Street,Victoria,2024-10-08 12:10:00,2024-10-08 12:44:00,4.93,2,City of London,Westminster,34.0
2024-04-07,TFL-J-882413,Tube,Bank,Liverpool Street,2024-04-07 16:34:00,2024-04-07 17:16:00,4.15,3,City of London,City of London,42.0
2024-10-25,TFL-J-248121,Bus,Kings Cross,Stratford,2024-10-25 10:57:00,2024-10-25 11:13:00,1.75,1,Camden,Newham,16.0
2024-09-11,TFL-J-426245,Tube,Canary Wharf,Paddington,2024-09-11 18:30:00,2024-09-11 18:33:00,9.4,1,Tower Hamlets,Westminster,3.0
2024-09-17,TFL-J-690982,Bus,Paddington,Stratford,2024-09-17 07:08:00,2024-09-17 07:29:00,1.75,5,Westminster,Newham,21.0
2024-02-15,TFL-J-853814,Tube,Stratford,Bank,2024-02-15 13:17:00,2024-02-15 13:52:00,3.08,0,Newham,City of London,35.0
2024-12-02,TFL-J-272796,Bus,Liverpool Street,Canary Wharf,2024-12-02 08:05:00,2024-12-02 08:55:00,1.75,8,City of London,Tower Hamlets,50.0
2024-01-12,TFL-J-186250,Tube,Canary Wharf,Paddington,2024-01-12 08:33:00,2024-01-12 08:41:00,9.4,4,Tower Hamlets,Westminster,8.0
2024-01-15,TFL-J-437185,Bus,Paddington,Liverpool Street,2024-01-15 07:03:00,2024-01-15 07:25:00,1.75,6,Westminster,City of London,22.0
2024-06-11,TFL-J-483852,Tube,Stratford,Waterloo,2024-06-11 23:27:00,2024-06-11 23:52:00,4.47,5,Newham,Lambeth,25.0
2024-03-12,TFL-J-719720,Tube,Victoria,Paddington,2024-03-12 17:29:00,2024-03-12 18:13:00,3.93,10,Westminster,Westminster,44.0
2024-04-09,TFL-J-209218,Bus,Victoria,Kings Cross,2024-04-09 09:26:00,2024-04-09 10:32:00,1.75,27,Westminster,Camden,66.0
2024-09-21,TFL-J-394127,Bus,Stratford,Canary Wharf,2024-09-21 08:41:00,2024-09-21 09:26:00,1.75,8,Newham,Tower Hamlets,45.0
2024-10-29,TFL-J-852543,Bus,Bank,Kings Cross,2024-10-29 10:23:00,2024-10-29 11:06:00,1.75,7,City of London,Camden,43.0
2024-05-05,TFL-J-667766,Tube,Stratford,Bank,2024-05-05 23:01:00,2024-05-05 23:28:00,4.79,1,Newham,City of London,27.0
2024-07-15,TFL-J-586353,Tube,Kings Cross,Euston,2024-07-15 13:20:00,2024-07-15 13:48:00,5.31,0,Camden,Camden,28.0
2024-11-28,TFL-J-689906,Tube,Euston,Kings Cross,2024-11-28 17:02:00,2024-11-28 17:47:00,12.09,8,Camden,Camden,45.0
2024-05-16,TFL-J-374597,Tube,Stratford,Paddington,2024-05-16 07:02:00,2024-05-16 07:49:00,3.79,5,Newham,Westminster,47.0
2024-08-30,TFL-J-120388,Tube,Kings Cross,Liverpool Street,2024-08-30 08:51:00,2024-08-30 10:03:00,4.55,39,Camden,City of London,72.0
2024-04-23,TFL-J-328151,Tube,London Bridge,Stratford,2024-04-23 07:14:00,2024-04-23 07:49:00,3.97,3,Southwark,Newham,35.0
2024-10-16,TFL-J-858982,Tube,Stratford,Liverpool Street,2024-10-16 08:53:00,2024-10-16 09:19:00,4.55,3,Newham,City of London,26.0
2024-11-02,TFL-J-560994,Tube,Liverpool Street,Canary Wharf,2024-11-02 09:01:00,2024-11-02 09:41:00,3.22,0,City of London,Tower Hamlets,40.0
2024-08-08,TFL-J-863208,Tube,Bank,Waterloo,2024-08-08 22:00:00,2024-08-08 22:18:00,4.33,2,City of London,Lambeth,18.0
2024-11-14,TFL-J-620111,Tube,Bank,Stratford,2024-11-14 14:50:00,2024-11-14 15:30:00,3.38,3,City of London,Newham,40.0
2024-07-08,TFL-J-631192,Bus,Stratford,Paddington,2024-07-08 11:05:00,2024-07-08 11:29:00,1.75,0,Newham,Westminster,24.0
2024-05-10,TFL-J-996738,Bus,Waterloo,Kings Cross,2024-05-10 21:44:00,2024-05-10 22:03:00,1.75,1,Lambeth,Camden,19.0
2024-05-02,TFL-J-885582,Overground,Canary Wharf,London Bridge,2024-05-02 11:14:00,2024-05-02 12:03:00,12.46,5,Tower Hamlets,Southwark,49.0
2024-01-26,TFL-J-786042,Bus,Victoria,Bank,2024-01-26 18:13:00,2024-01-26 18:49:00,1.75,7,Westminster,City of London,36.0
2024-09-27,TFL-J-992377,Tube,Kings Cross,Euston,2024-09-27 09:41:00,2024-09-27 10:00:00,4.37,3,Camden,Camden,19.0
2024-06-22,TFL-J-250313,Tube,Canary Wharf,Euston,2024-06-22 09:55:00,2024-06-22 10:25:00,4.7,1,Tower Hamlets,Camden,30.0
2024-08-15,TFL-J-399574,Tube,Victoria,Kings Cross,2024-08-15 16:45:00,2024-08-15 17:38:00,5.36,9,Westminster,Camden,53.0
2024-12-15,TFL-J-349068,Tube,Paddington,Liverpool Street,2024-12-15 21:35:00,2024-12-15 21:52:00,4.9,1,Westminster,City of London,17.0
2024-01-19,TFL-J-162671,Tube,Kings Cross,Liverpool Street,2024-01-19 09:30:00,2024-01-19 10:14:00,3.36,6,Camden,City of London,44.0
2024-02-23,TFL-J-737728,Tube,Kings Cross,Canary Wharf,2024-02-23 17:28:00,2024-02-23 17:57:00,4.15,2,Camden,Tower Hamlets,29.0
2024-08-09,TFL-J-984197,Tube,Victoria,Waterloo,2024-08-09 09:10:00,2024-08-09 10:10:00,4.99,26,Westminster,Lambeth,60.0
2024-09-26,TFL-J-163357,Bus,London Bridge,Paddington,2024-09-26 09:58:00,2024-09-26 10:30:00,1.75,4,Southwark,Westminster,32.0
2024-03-26,TFL-J-719067,Tube,Stratford,Bank,2024-03-26 08:56:00,2024-03-26 09:27:00,14.85,5,Newham,City of London,31.0
2024-11-15,TFL-J-297597,Tube,Kings Cross,Canary Wharf,2024-11-15 14:37:00,2024-11-15 15:31:00,4.09,12,Camden,Tower Hamlets,54.0
2024-07-02,TFL-J-673608,Overground,Stratford,Kings Cross,2024-07-02 08:31:00,2024-07-02 09:17:00,2.92,9,Newham,Camden,46.0
2024-04-04,TFL-J-230881,Tube,Victoria,Waterloo,2024-04-04 09:27:00,2024-04-04 10:07:00,4.11,7,Westminster,Lambeth,40.0
2024-04-25,TFL-J-949162,Tube,Canary Wharf,Victoria,2024-04-25 19:46:00,2024-04-25 20:22:00,15.47,0,Tower Hamlets,Westminster,36.0
2024-05-27,TFL-J-658697,Tube,Canary Wharf,Euston,2024-05-27 08:08:00,2024-05-27 08:59:00,3.77,26,Tower Hamlets,Camden,51.0
2024-04-22,TFL-J-609984,Overground,Liverpool Street,Paddington,2024-04-22 17:09:00,2024-04-22 17:40:00,3.94,9,City of London,Westminster,31.0
2024-10-30,TFL-J-420058,Tube,Canary Wharf,Stratford,2024-10-30 12:29:00,2024-10-30 12:53:00,5.37,1,Tower Hamlets,Newham,24.0
2024-08-26,TFL-J-602384,Tube,Euston,Bank,2024-08-26 07:24:00,2024-08-26 08:11:00,2.89,15,Camden,City of London,47.0
2024-11-21,TFL-J-552344,Bus,Canary Wharf,Liverpool Street,2024-11-21 09:03:00,2024-11-21 10:00:00,1.75,32,Tower Hamlets,City of London,57.0
2024-12-06,TFL-J-755449,Bus,Euston,Bank,2024-12-06 19:47:00,2024-12-06 20:29:00,1.75,3,Camden,City of London,42.0
2024-08-07,TFL-J-138811,Overground,Victoria,Stratford,2024-08-07 19:32:00,2024-08-07 20:22:00,4.18,9,Westminster,Newham,50.0
2024-11-18,TFL-J-765114,Bus,Euston,London Bridge,2024-11-18 09:33:00,2024-11-18 10:15:00,1.75,16,Camden,Southwark,42.0
2024-08-24,TFL-J-251465,Bus,Bank,Waterloo,2024-08-24 08:45:00,2024-08-24 09:29:00,1.75,0,City of London,Lambeth,44.0
2024-12-03,TFL-J-224912,Tube,Stratford,Kings Cross,2024-12-03 18:48:00,2024-12-03 19:49:00,5.5,16,Newham,Camden,61.0
2024-11-19,TFL-J-158938,Tube,Liverpool Street,Stratford,2024-11-19 07:49:00,2024-11-19 08:35:00,4.31,11,City of London,Newham,46.0
2024-10-05,TFL-J-682218,Bus,Kings Cross,Stratford,2024-10-05 18:24:00,2024-10-05 19:15:00,1.75,11,Camden,Newham,51.0
2024-10-24,TFL-J-486183,Overground,Stratford,Liverpool Street,2024-10-24 07:13:00,2024-10-24 07:59:00,5.37,8,Newham,City of London,46.0
2024-06-17,TFL-J-371770,Tube,Canary Wharf,Euston,2024-06-17 21:13:00,2024-06-17 21:53:00,3.01,5,Tower Hamlets,Camden,40.0
2024-08-05,TFL-J-269025,Tube,Waterloo,Kings Cross,2024-08-05 09:18:00,2024-08-05 10:08:00,9.06,12,Lambeth,Camden,50.0
2024-12-21,TFL-J-435017,Bus,Waterloo,Canary Wharf,2024-12-21 18:37:00,2024-12-21 19:30:00,1.75,11,Lambeth,Tower Hamlets,53.0
2024-12-13,TFL-J-342771,Tube,London Bridge,Victoria,2024-12-13 09:51:00,2024-12-13 10:19:00,3.3,5,Southwark,Westminster,28.0
2024-11-28,TFL-J-778304,Bus,Canary Wharf,Kings Cross,2024-11-28 09:12:00,2024-11-28 09:41:00,1.75,8,Tower Hamlets,Camden,29.0
2024-12-16,TFL-J-545242,Tube,Kings Cross,Bank,2024-12-16 16:51:00,2024-12-16 17:11:00,3.73,0,Camden,City of London,20.0
2024-04-12,TFL-J-795786,Bus,Liverpool Street,Waterloo,2024-04-12 21:59:00,2024-04-12 22:37:00,1.75,0,City of London,Lambeth,38.0
2024-04-11,TFL-J-759175,Tube,Euston,Paddington,2024-04-11 11:48:00,2024-04-11 12:08:00,3.31,2,Camden,Westminster,20.0
2024-11-06,TFL-J-309299,Tube,Waterloo,Victoria,2024-11-06 20:17:00,2024-11-06 20:42:00,5.03,0,Lambeth,Westminster,25.0
2024-09-27,TFL-J-731762,Bus,Bank,Euston,2024-09-27 09:20:00,2024-09-27 09:56:00,1.75,4,City of London,Camden,36.0
2024-11-15,TFL-J-517081,Tube,Kings Cross,Victoria,2024-11-15 14:20:00,2024-11-15 14:59:00,5.3,4,Camden,Westminster,39.0
2024-01-22,TFL-J-433265,Tube,Liverpool Street,Kings Cross,2024-01-22 07:44:00,2024-01-22 08:14:00,5.24,3,City of London,Camden,30.0
2024-08-17,TFL-J-979928,Bus,London Bridge,Stratford,2024-08-17 11:45:00,2024-08-17 12:14:00,1.75,0,Southwark,Newham,29.0
2024-07-24,TFL-J-831335,Bus,Waterloo,Kings Cross,2024-07-24 07:12:00,2024-07-24 07:46:00,1.75,16,Lambeth,Camden,34.0
2024-09-04,TFL-J-731897,Bus,London Bridge,Paddington,2024-09-04 18:24:00,2024-09-04 18:52:00,1.75,0,Southwark,Westminster,28.0
2024-02-05,TFL-J-536211,Tube,Stratford,Liverpool Street,2024-02-05 09:43:00,2024-02-05 10:32:00,4.56,5,Newham,City of London,49.0
2024-03-31,TFL-J-150181,Bus,Waterloo,London Bridge,2024-03-31 08:10:00,2024-03-31 08:40:00,1.75,15,Lambeth,Southwark,30.0
2024-10-12,TFL-J-877092,Tube,Kings Cross,London Bridge,2024-10-12 16:31:00,2024-10-12 17:03:00,3.15,0,Camden,Southwark,32.0
2024-08-08,TFL-J-410752,Bus,Stratford,Canary Wharf,2024-08-08 17:27:00,2024-08-08 18:08:00,1.75,18,Newham,Tower Hamlets,41.0
2024-01-16,TFL-J-839395,Bus,London Bridge,Euston,2024-01-16 08:13:00,2024-01-16 08:52:00,1.75,4,Southwark,Camden,39.0
2024-12-07,TFL-J-722620,Tube,Euston,Victoria,2024-12-07 18:28:00,2024-12-07 18:44:00,5.21,1,Camden,Westminster,16.0
2024-07-06,TFL-J-826997,Overground,Kings Cross,Stratford,2024-07-06 08:36:00,2024-07-06 08:59:00,3.75,6,Camden,Newham,23.0
2024-12-07,TFL-J-321852,Tube,Stratford,Waterloo,2024-12-07 21:33:00,2024-12-07 21:57:00,4.22,0,Newham,Lambeth,24.0
2024-02-20,TFL-J-220266,Tube,Stratford,Waterloo,2024-02-20 16:55:00,2024-02-20 17:45:00,3.61,8,Newham,Lambeth,50.0
2024-07-20,TFL-J-579826,Tube,Canary Wharf,Euston,2024-07-20 17:20:00,2024-07-20 17:26:00,9.4,5,Tower Hamlets,Camden,6.0
2024-11-19,TFL-J-124206,Tube,Euston,Liverpool Street,2024-11-19 08:36:00,2024-11-19 09:09:00,5.05,17,Camden,City of London,33.0
2024-03-05,TFL-J-128452,Overground,Liverpool Street,Stratford,2024-03-05 11:44:00,2024-03-05 12:05:00,7.42,4,City of London,Newham,21.0
2024-11-29,TFL-J-352157,Bus,London Bridge,Stratford,2024-11-29 15:10:00,2024-11-29 15:30:00,1.75,4,Southwark,Newham,20.0
2024-11-04,TFL-J-930801,Tube,Victoria,Canary Wharf,2024-11-04 11:53:00,2024-11-04 12:37:00,5.49,4,Westminster,Tower Hamlets,44.0
2024-04-25,TFL-J-801088,Tube,Kings Cross,London Bridge,2024-04-25 14:51:00,2024-04-25 15:36:00,5.07,1,Camden,Southwark,45.0
2024-01-15,TFL-J-358337,Bus,Liverpool Street,Kings Cross,2024-01-15 09:30:00,2024-01-15 10:18:00,1.75,11,City of London,Camden,48.0
2024-07-03,TFL-J-655386,Tube,Euston,Liverpool Street,2024-07-03 13:46:00,2024-07-03 14:08:00,4.55,2,Camden,City of London,22.0
2024-02-07,TFL-J-905931,Tube,London Bridge,Paddington,2024-02-07 23:31:00,2024-02-08 00:15:00,3.04,0,Southwark,Westminster,44.0
2024-08-21,TFL-J-397066,Bus,Stratford,Paddington,2024-08-21 09:19:00,2024-08-21 10:10:00,1.75,24,Newham,Westminster,51.0
2024-07-30,TFL-J-512890,Tube,Waterloo,Kings Cross,2024-07-30 11:27:00,2024-07-30 11:56:00,5.35,5,Lambeth,Camden,29.0
2024-02-01,TFL-J-904339,Tube,Stratford,Victoria,2024-02-01 19:09:00,2024-02-01 19:47:00,3.0,7,Newham,Westminster,38.0
2024-03-23,TFL-J-174368,Bus,Stratford,Bank,2024-03-23 16:13:00,2024-03-23 16:37:00,1.75,3,Newham,City of London,24.0
2024-01-27,TFL-J-615084,Tube,Paddington,Stratford,2024-01-27 22:47:00,2024-01-27 23:16:00,3.78,7,Westminster,Newham,29.0
2024-03-15,TFL-J-722661,Tube,Liverpool Street,Kings Cross,2024-03-15 16:26:00,2024-03-15 17:04:00,5.25,19,City of London,Camden,38.0
2024-06-19,TFL-J-130294,Bus,Waterloo,Kings Cross,2024-06-19 11:42:00,2024-06-19 12:05:00,1.75,1,Lambeth,Camden,23.0
2024-04-11,TFL-J-697760,Bus,Bank,Victoria,2024-04-11 09:55:00,2024-04-11 10:18:00,1.75,3,City of London,Westminster,23.0
2024-05-24,TFL-J-930886,Bus,Paddington,London Bridge,2024-05-24 09:36:00,2024-05-24 10:21:00,1.75,26,Westminster,Southwark,45.0
2024-07-18,TFL-J-342072,Bus,Liverpool Street,Paddington,2024-07-18 15:46:00,2024-07-18 16:22:00,1.75,2,City of London,Westminster,36.0
2024-05-24,TFL-J-101688,Tube,Paddington,Canary Wharf,2024-05-24 18:40:00,2024-05-24 19:26:00,2.89,31,Westminster,Tower Hamlets,46.0
2024-03-21,TFL-J-582537,Tube,Kings Cross,Waterloo,2024-03-21 10:06:00,2024-03-21 10:25:00,3.77,1,Camden,Lambeth,19.0
2024-02-22,TFL-J-577509,Bus,Waterloo,Paddington,2024-02-22 10:57:00,2024-02-22 11:33:00,1.75,0,Lambeth,Westminster,36.0
2024-06-24,TFL-J-655534,Tube,Victoria,Stratford,2024-06-24 09:54:00,2024-06-24 10:44:00,5.2,16,Westminster,Newham,50.0
2024-05-01,TFL-J-768154,Overground,Waterloo,Euston,2024-05-01 09:53:00,2024-05-01 10:27:00,3.79,12,Lambeth,Camden,34.0
2024-02-14,TFL-J-799700,Tube,Euston,Bank,2024-02-14 18:21:00,2024-02-14 19:03:00,3.97,2,Camden,City of London,42.0
2024-05-28,TFL-J-783482,Tube,Liverpool Street,Paddington,2024-05-28 16:30:00,2024-05-28 17:04:00,8.73,2,City of London,Westminster,34.0
2024-04-11,TFL-J-101066,Overground,Stratford,Canary Wharf,2024-04-11 07:10:00,2024-04-11 07:34:00,3.98,4,Newham,Tower Hamlets,24.0
2024-04-18,TFL-J-434564,Tube,Waterloo,Stratford,2024-04-18 17:05:00,2024-04-18 17:37:00,3.76,10,Lambeth,Newham,32.0
2024-12-17,TFL-J-422151,Tube,Liverpool Street,Victoria,2024-12-17 18:48:00,2024-12-17 19:26:00,3.06,13,City of London,Westminster,38.0
2024-11-11,TFL-J-532544,Bus,Paddington,Canary Wharf,2024-11-11 10:37:00,2024-11-11 11:07:00,1.75,4,Westminster,Tower Hamlets,30.0
2024-07-28,TFL-J-747758,Bus,Euston,Paddington,2024-07-28 07:56:00,2024-07-28 08:26:00,1.75,8,Camden,Westminster,30.0
2024-08-16,TFL-J-776562,Bus,Liverpool Street,Bank,2024-08-16 18:14:00,2024-08-16 19:04:00,1.75,6,City of London,City of London,50.0
2024-04-26,TFL-J-943896,Tube,Victoria,Euston,2024-04-26 14:55:00,2024-04-26 15:23:00,4.11,1,Westminster,Camden,28.0
2024-07-07,TFL-J-261557,Tube,Euston,Stratford,2024-07-07 21:34:00,2024-07-07 22:16:00,2.99,0,Camden,Newham,42.0
2024-03-24,TFL-J-854709,Tube,Bank,Paddington,2024-03-24 11:18:00,2024-03-24 11:52:00,5.2,3,City of London,Westminster,34.0
2024-10-11,TFL-J-299591,Tube,Victoria,Canary Wharf,2024-10-11 14:42:00,2024-10-11 15:27:00,3.55,0,Westminster,Tower Hamlets,45.0
2024-11-06,TFL-J-453764,Tube,Liverpool Street,Canary Wharf,2024-11-06 08:03:00,2024-11-06 08:38:00,3.93,0,City of London,Tower Hamlets,35.0
2024-05-02,TFL-J-846770,Bus,Euston,Victoria,2024-05-02 08:49:00,2024-05-02 09:39:00,4.33,10,Camden,Westminster,50.0
2024-12-06,TFL-J-889612,Tube,Waterloo,London Bridge,2024-12-06 17:42:00,2024-12-06 18:07:00,5.2,7,Lambeth,Southwark,25.0
2024-06-10,TFL-J-639747,Tube,Euston,London Bridge,2024-06-10 08:17:00,2024-06-10 08:59:00,5.34,4,Camden,Southwark,42.0
2024-06-02,TFL-J-830858,Bus,Euston,Stratford,2024-06-02 09:00:00,2024-06-02 09:37:00,1.75,8,Camden,Newham,37.0
2024-02-20,TFL-J-652680,Tube,Bank,Victoria,2024-02-20 07:39:00,2024-02-20 08:12:00,4.3,0,City of London,Westminster,33.0
2024-06-03,TFL-J-193895,Tube,Kings Cross,Canary Wharf,2024-06-03 14:02:00,2024-06-03 14:40:00,4.7,2,Camden,Tower Hamlets,38.0
2024-07-06,TFL-J-924700,Bus,Victoria,Kings Cross,2024-07-06 14:59:00,2024-07-06 15:37:00,1.75,0,Westminster,Camden,38.0
2024-10-03,TFL-J-772447,Tube,Waterloo,Canary Wharf,2024-10-03 10:30:00,2024-10-03 10:47:00,5.45,1,Lambeth,Tower Hamlets,17.0
2024-07-12,TFL-J-177108,Tube,Paddington,Kings Cross,2024-07-12 18:29:00,2024-07-12 19:02:00,3.78,1,Westminster,Camden,33.0
2024-04-11,TFL-J-288321,Bus,London Bridge,Kings Cross,2024-04-11 08:42:00,2024-04-11 09:35:00,1.75,33,Southwark,Camden,53.0
2024-09-09,TFL-J-126954,Tube,Canary Wharf,Stratford,2024-09-09 08:03:00,2024-09-09 08:31:00,5.25,13,Tower Hamlets,Newham,28.0
2024-10-19,TFL-J-555280,Overground,London Bridge,Bank,2024-10-19 16:07:00,2024-10-19 16:51:00,4.58,3,Southwark,City of London,44.0
2024-08-21,TFL-J-845343,Tube,Paddington,London Bridge,2024-08-21 16:40:00,2024-08-21 18:00:00,4.15,54,Westminster,Southwark,80.0
2024-07-24,TFL-J-367163,Tube,Liverpool Street,Victoria,2024-07-24 07:52:00,2024-07-24 07:54:00,9.4,13,City of London,Westminster,2.0
2024-03-03,TFL-J-130931,Overground,Paddington,London Bridge,2024-03-03 17:35:00,2024-03-03 18:04:00,3.46,2,Westminster,Southwark,29.0
2024-05-16,TFL-J-701345,Tube,Kings Cross,Euston,2024-05-16 07:09:00,2024-05-16 07:25:00,3.74,0,Camden,Camden,16.0
2024-11-19,TFL-J-605335,Tube,Bank,Kings Cross,2024-11-19 09:56:00,2024-11-19 10:32:00,5.28,0,City of London,Camden,36.0
2024-06-19,TFL-J-731165,Overground,Stratford,Liverpool Street,2024-06-19 22:43:00,2024-06-19 23:08:00,3.16,0,Newham,City of London,25.0
2024-06-29,TFL-J-935122,Bus,Canary Wharf,Bank,2024-06-29 16:18:00,2024-06-29 16:54:00,1.75,21,Tower Hamlets,City of London,36.0
2024-12-12,TFL-J-571268,Tube,Paddington,Liverpool Street,2024-12-12 17:35:00,2024-12-12 17:52:00,3.4,2,Westminster,City of London,17.0
2024-05-25,TFL-J-599920,Overground,Victoria,Stratford,2024-05-25 09:19:00,2024-05-25 09:40:00,5.25,2,Westminster,Newham,21.0
2024-01-05,TFL-J-596934,Tube,Liverpool Street,Kings Cross,2024-01-05 07:13:00,2024-01-05 08:01:00,4.09,24,City of London,Camden,48.0
2024-10-04,TFL-J-447720,Tube,Paddington,Bank,2024-10-04 08:14:00,2024-10-04 09:04:00,3.58,9,Westminster,City of London,50.0
2024-07-29,TFL-J-440960,Tube,Euston,Kings Cross,2024-07-29 22:44:00,2024-07-29 23:05:00,5.45,1,Camden,Camden,21.0
2024-09-30,TFL-J-135682,Tube,Stratford,Paddington,2024-09-30 09:26:00,2024-09-30 10:20:00,3.41,15,Newham,Westminster,54.0
2024-09-05,TFL-J-893638,Tube,Liverpool Street,Stratford,2024-09-05 09:46:00,2024-09-05 10:16:00,4.87,14,City of London,Newham,30.0
2024-07-08,TFL-J-198809,Tube,Waterloo,Liverpool Street,2024-07-08 16:57:00,2024-07-08 17:12:00,4.49,0,Lambeth,City of London,15.0
2024-11-29,TFL-J-991607,Tube,London Bridge,Kings Cross,2024-11-29 20:28:00,2024-11-29 20:48:00,3.46,4,Southwark,Camden,20.0
2024-02-17,TFL-J-408849,Tube,London Bridge,Victoria,2024-02-17 16:40:00,2024-02-17 17:29:00,4.02,15,Southwark,Westminster,49.0
2024-05-05,TFL-J-855708,Tube,Euston,London Bridge,2024-05-05 23:05:00,2024-05-05 23:41:00,4.13,10,Camden,Southwark,36.0
2024-10-20,TFL-J-916418,Tube,Stratford,Victoria,2024-10-20 07:38:00,2024-10-20 08:16:00,3.3,23,Newham,Westminster,38.0
2024-05-11,TFL-J-212540,Tube,Waterloo,Liverpool Street,2024-05-11 10:59:00,2024-05-11 11:43:00,3.23,2,Lambeth,City of London,44.0
2024-12-16,TFL-J-411325,Tube,Kings Cross,Paddington,2024-12-16 18:14:00,2024-12-16 18:48:00,3.9,5,Camden,Westminster,34.0
2024-09-27,TFL-J-424410,Tube,Kings Cross,Paddington,2024-09-27 11:43:00,2024-09-27 12:01:00,3.6,0,Camden,Westminster,18.0
2024-08-19,TFL-J-217646,Bus,Paddington,Stratford,2024-08-19 18:15:00,2024-08-19 18:53:00,1.75,17,Westminster,Newham,38.0
2024-09-10,TFL-J-406410,Tube,Paddington,Liverpool Street,2024-09-10 17:28:00,2024-09-10 17:51:00,3.22,0,Westminster,City of London,23.0
2024-05-26,TFL-J-582475,Tube,Kings Cross,Stratford,2024-05-26 07:48:00,2024-05-26 08:17:00,4.03,2,Camden,Newham,29.0
2024-01-12,TFL-J-354158,Overground,Kings Cross,Euston,2024-01-12 21:42:00,2024-01-12 22:20:00,7.87,0,Camden,Camden,38.0
2024-02-01,TFL-J-502297,Bus,Paddington,London Bridge,2024-02-01 08:35:00,2024-02-01 09:09:00,1.75,0,Westminster,Southwark,34.0
2024-10-22,TFL-J-248979,Tube,Bank,London Bridge,2024-10-22 08:12:00,2024-10-22 09:11:00,3.61,25,City of London,Southwark,59.0
2024-01-21,TFL-J-995144,Tube,Bank,Canary Wharf,2024-01-21 16:20:00,2024-01-21 16:47:00,5.48,0,City of London,Tower Hamlets,27.0
2024-05-16,TFL-J-596637,Bus,Canary Wharf,Stratford,2024-05-16 07:37:00,2024-05-16 08:05:00,1.75,3,Tower Hamlets,Newham,28.0
2024-06-17,TFL-J-116683,Tube,Canary Wharf,Euston,2024-06-17 18:06:00,2024-06-17 18:49:00,5.16,8,Tower Hamlets,Camden,43.0
2024-05-11,TFL-J-142109,Tube,Bank,Canary Wharf,2024-05-11 13:02:00,2024-05-11 13:37:00,4.14,0,City of London,Tower Hamlets,35.0
2024-03-15,TFL-J-466462,Tube,Stratford,Kings Cross,2024-03-15 07:19:00,2024-03-15 08:05:00,4.97,8,Newham,Camden,46.0
2024-12-24,TFL-J-160963,Bus,Liverpool Street,London Bridge,2024-12-24 17:04:00,2024-12-24 17:45:00,1.75,1,City of London,Southwark,41.0
2024-11-10,TFL-J-382962,Tube,Victoria,Waterloo,2024-11-10 16:50:00,2024-11-10 17:09:00,3.03,1,Westminster,Lambeth,19.0
2024-06-17,TFL-J-184816,Tube,Liverpool Street,Bank,2024-06-17 16:32:00,2024-06-17 16:59:00,3.19,6,City of London,City of London,27.0
2024-07-19,TFL-J-583667,Tube,Waterloo,Victoria,2024-07-19 08:54:00,2024-07-19 09:33:00,5.34,0,Lambeth,Westminster,39.0
2024-12-03,TFL-J-871180,Bus,Victoria,London Bridge,2024-12-03 17:56:00,2024-12-03 18:57:00,1.75,24,Westminster,Southwark,61.0
2024-01-19,TFL-J-253712,Tube,Canary Wharf,Waterloo,2024-01-19 08:48:00,2024-01-19 09:31:00,5.47,2,Tower Hamlets,Lambeth,43.0
2024-11-07,TFL-J-755390,Bus,Victoria,Bank,2024-11-07 10:00:00,2024-11-07 10:30:00,1.75,1,Westminster,City of London,30.0
2024-11-14,TFL-J-119363,Tube,London Bridge,Victoria,2024-11-14 08:47:00,2024-11-14 09:06:00,4.38,1,Southwark,Westminster,19.0
2024-03-01,TFL-J-672557,Tube,Canary Wharf,Kings Cross,2024-03-01 16:23:00,2024-03-01 17:15:00,3.13,26,Tower Hamlets,Camden,52.0
2024-12-05,TFL-J-716403,Tube,London Bridge,Victoria,2024-12-05 12:29:00,2024-12-05 12:54:00,4.23,0,Southwark,Westminster,25.0
2024-05-28,TFL-J-631644,Bus,Victoria,Paddington,2024-05-28 16:38:00,2024-05-28 17:26:00,1.75,16,Westminster,Westminster,48.0
2024-09-15,TFL-J-939542,Bus,Victoria,Kings Cross,2024-09-15 07:26:00,2024-09-15 08:08:00,1.75,7,Westminster,Camden,42.0
2024-05-25,TFL-J-582733,Tube,London Bridge,Paddington,2024-05-25 15:01:00,2024-05-25 15:26:00,3.05,3,Southwark,Westminster,25.0
2024-05-14,TFL-J-408450,Overground,Waterloo,Bank,2024-05-14 17:11:00,2024-05-14 17:45:00,4.01,0,Lambeth,City of London,34.0
2024-03-09,TFL-J-754112,Bus,Bank,Euston,2024-03-09 17:24:00,2024-03-09 18:34:00,1.75,36,City of London,Camden,70.0
2024-08-30,TFL-J-570747,Bus,Waterloo,Euston,2024-08-30 07:19:00,2024-08-30 07:48:00,1.75,2,Lambeth,Camden,29.0
2024-08-22,TFL-J-912396,Bus,Bank,Stratford,2024-08-22 16:28:00,2024-08-22 17:01:00,1.75,7,City of London,Newham,33.0
2024-05-28,TFL-J-934060,Bus,Canary Wharf,Bank,2024-05-28 13:21:00,2024-05-28 14:04:00,1.75,0,Tower Hamlets,City of London,43.0
2024-08-10,TFL-J-146426,Tube,Euston,Stratford,2024-08-10 18:34:00,2024-08-10 19:17:00,3.33,6,Camden,Newham,43.0
2024-12-14,TFL-J-619815,Tube,Canary Wharf,Stratford,2024-12-14 08:05:00,2024-12-14 08:29:00,3.49,2,Tower Hamlets,Newham,24.0
2024-03-29,TFL-J-193946,Tube,Canary Wharf,Stratford,2024-03-29 16:51:00,2024-03-29 17:25:00,3.79,7,Tower Hamlets,Newham,34.0
2024-10-25,TFL-J-282119,Tube,Kings Cross,Canary Wharf,2024-10-25 17:50:00,2024-10-25 18:28:00,3.54,2,Camden,Tower Hamlets,38.0
2024-05-26,TFL-J-644003,Bus,Canary Wharf,Stratford,2024-05-26 07:15:00,2024-05-26 07:35:00,1.75,5,Tower Hamlets,Newham,20.0
2024-12-27,TFL-J-754502,Tube,Paddington,Canary Wharf,2024-12-27 07:29:00,2024-12-27 07:52:00,3.8,1,Westminster,Tower Hamlets,23.0
2024-05-19,TFL-J-539330,Bus,London Bridge,Bank,2024-05-19 07:37:00,2024-05-19 08:15:00,1.75,17,Southwark,City of London,38.0
2024-09-10,TFL-J-144249,Bus,Victoria,Kings Cross,2024-09-10 21:03:00,2024-09-10 21:45:00,1.75,0,Westminster,Camden,42.0
2024-07-24,TFL-J-486950,Overground,Kings Cross,Bank,2024-07-24 19:30:00,2024-07-24 20:17:00,14.09,2,Camden,City of London,47.0
2024-11-08,TFL-J-258390,Bus,Liverpool Street,Euston,2024-11-08 14:50:00,2024-11-08 15:15:00,1.75,10,City of London,Camden,25.0
2024-01-03,TFL-J-739736,Tube,Bank,Paddington,2024-01-03 08:31:00,2024-01-03 08:58:00,4.32,2,City of London,Westminster,27.0
2024-02-26,TFL-J-324883,Tube,Kings Cross,Stratford,2024-02-26 17:54:00,2024-02-26 18:35:00,3.4,0,Camden,Newham,41.0
2024-09-23,TFL-J-143856,Tube,Euston,Liverpool Street,2024-09-23 17:32:00,2024-09-23 18:39:00,3.33,39,Camden,City of London,67.0
2024-10-01,TFL-J-920996,Tube,Canary Wharf,Liverpool Street,2024-10-01 17:17:00,2024-10-01 17:56:00,5.46,4,Tower Hamlets,City of London,39.0
2024-07-10,TFL-J-907446,Tube,Victoria,Liverpool Street,2024-07-10 11:22:00,2024-07-10 11:59:00,3.54,0,Westminster,City of London,37.0
2024-04-29,TFL-J-963599,Tube,Waterloo,Canary Wharf,2024-04-29 07:39:00,2024-04-29 08:23:00,3.76,14,Lambeth,Tower Hamlets,44.0
2024-06-13,TFL-J-905261,Overground,Stratford,Waterloo,2024-06-13 16:32:00,2024-06-13 17:19:00,4.97,20,Newham,Lambeth,47.0
2024-05-14,TFL-J-401345,Overground,Stratford,London Bridge,2024-05-14 12:57:00,2024-05-14 13:26:00,3.9,2,Newham,Southwark,29.0
2024-01-03,TFL-J-605765,Tube,Liverpool Street,Euston,2024-01-03 21:27:00,2024-01-03 21:46:00,3.92,1,City of London,Camden,19.0
2024-04-27,TFL-J-865574,Tube,Kings Cross,Bank,2024-04-27 08:16:00,2024-04-27 09:10:00,4.57,11,Camden,City of London,54.0
2024-09-10,TFL-J-377474,Bus,London Bridge,Kings Cross,2024-09-10 09:33:00,2024-09-10 10:25:00,1.75,7,Southwark,Camden,52.0
2024-05-17,TFL-J-519731,Overground,Canary Wharf,Euston,2024-05-17 07:43:00,2024-05-17 08:31:00,3.37,5,Tower Hamlets,Camden,48.0
2024-10-27,TFL-J-333544,Tube,Bank,Canary Wharf,2024-10-27 18:48:00,2024-10-27 19:07:00,2.96,1,City of London,Tower Hamlets,19.0
2024-10-12,TFL-J-851775,Tube,Waterloo,Stratford,2024-10-12 12:33:00,2024-10-12 12:52:00,2.89,0,Lambeth,Newham,19.0
2024-01-20,TFL-J-339432,Bus,Waterloo,Euston,2024-01-20 10:24:00,2024-01-20 10:43:00,1.75,2,Lambeth,Camden,19.0
2024-05-16,TFL-J-674210,Bus,Kings Cross,Stratford,2024-05-16 12:02:00,2024-05-16 12:46:00,1.75,0,Camden,Newham,44.0
2024-11-07,TFL-J-119508,Tube,Bank,Liverpool Street,2024-11-07 21:23:00,2024-11-07 22:05:00,5.08,10,City of London,City of London,42.0
2024-12-03,TFL-J-179971,Tube,Canary Wharf,Victoria,2024-12-03 09:29:00,2024-12-03 09:56:00,3.48,8,Tower Hamlets,Westminster,27.0
2024-10-09,TFL-J-381517,Tube,Waterloo,London Bridge,2024-10-09 09:55:00,2024-10-09 10:37:00,3.63,9,Lambeth,Southwark,42.0
2024-03-12,TFL-J-287465,Bus,Bank,Waterloo,2024-03-12 14:20:00,2024-03-12 14:40:00,1.75,0,City of London,Lambeth,20.0
2024-03-06,TFL-J-606120,Tube,Stratford,Canary Wharf,2024-03-06 16:07:00,2024-03-06 16:25:00,4.56,0,Newham,Tower Hamlets,18.0
2024-09-04,TFL-J-682704,Bus,London Bridge,Kings Cross,2024-09-04 17:39:00,2024-09-04 18:35:00,1.75,14,Southwark,Camden,56.0
2024-03-09,TFL-J-167001,Tube,Paddington,Canary Wharf,2024-03-09 13:53:00,2024-03-09 14:31:00,3.77,3,Westminster,Tower Hamlets,38.0
2024-11-16,TFL-J-259624,Overground,Paddington,Canary Wharf,2024-11-16 18:48:00,2024-11-16 19:23:00,3.08,1,Westminster,Tower Hamlets,35.0
2024-09-04,TFL-J-260810,Tube,Bank,Canary Wharf,2024-09-04 17:04:00,2024-09-04 17:42:00,3.86,17,City of London,Tower Hamlets,38.0
2024-09-16,TFL-J-702721,Tube,Waterloo,Bank,2024-09-16 18:09:00,2024-09-16 18:43:00,4.63,13,Lambeth,City of London,34.0
2024-05-29,TFL-J-861619,Tube,Bank,London Bridge,2024-05-29 17:02:00,2024-05-29 17:44:00,5.02,6,City of London,Southwark,42.0
2024-05-13,TFL-J-940844,Tube,Waterloo,Victoria,2024-05-13 12:45:00,2024-05-13 13:17:00,3.49,1,Lambeth,Westminster,32.0
2024-01-04,TFL-J-809156,Bus,Liverpool Street,Canary Wharf,2024-01-04 15:18:00,2024-01-04 16:00:00,1.75,13,City of London,Tower Hamlets,42.0
2024-01-09,TFL-J-636590,Tube,London Bridge,Waterloo,2024-01-09 15:21:00,2024-01-09 16:06:00,3.25,1,Southwark,Lambeth,45.0
2024-04-11,TFL-J-277727,Tube,Bank,Stratford,2024-04-11 17:47:00,2024-04-11 18:11:00,4.45,0,City of London,Newham,24.0
2024-11-06,TFL-J-985915,Overground,Stratford,Euston,2024-11-06 17:42:00,2024-11-06 18:29:00,13.43,19,Newham,Camden,47.0
2024-04-28,TFL-J-270472,Bus,Kings Cross,Stratford,2024-04-28 17:55:00,2024-04-28 18:53:00,1.75,18,Camden,Newham,58.0
2024-04-05,TFL-J-873983,Bus,Victoria,Kings Cross,2024-04-05 07:25:00,2024-04-05 07:44:00,1.75,0,Westminster,Camden,19.0
2024-04-24,TFL-J-288808,Tube,Bank,Waterloo,2024-04-24 11:01:00,2024-04-24 11:22:00,3.63,6,City of London,Lambeth,21.0
2024-01-19,TFL-J-708609,Tube,Victoria,Kings Cross,2024-01-19 08:01:00,2024-01-19 08:32:00,5.33,0,Westminster,Camden,31.0
2024-12-12,TFL-J-790112,Tube,Paddington,Liverpool Street,2024-12-12 16:29:00,2024-12-12 16:44:00,3.32,0,Westminster,City of London,15.0
2024-12-29,TFL-J-889451,Bus,Canary Wharf,Paddington,2024-12-29 08:20:00,2024-12-29 09:40:00,1.75,38,Tower Hamlets,Westminster,80.0
2024-06-25,TFL-J-497003,Bus,Kings Cross,London Bridge,2024-06-25 11:30:00,2024-06-25 11:55:00,1.75,0,Camden,Southwark,25.0
2024-05-25,TFL-J-502053,Tube,Kings Cross,Canary Wharf,2024-05-25 16:50:00,2024-05-25 16:59:00,9.4,1,Camden,Tower Hamlets,9.0
2024-04-01,TFL-J-467381,Tube,London Bridge,Waterloo,2024-04-01 12:26:00,2024-04-01 13:12:00,2.99,2,Southwark,Lambeth,46.0
2024-06-19,TFL-J-748198,Tube,Liverpool Street,Victoria,2024-06-19 07:56:00,2024-06-19 08:36:00,4.81,6,City of London,Westminster,40.0
2024-01-03,TFL-J-508103,Overground,Waterloo,Kings Cross,2024-01-03 08:18:00,2024-01-03 09:15:00,4.23,18,Lambeth,Camden,57.0
2024-06-23,TFL-J-127494,Tube,Stratford,Waterloo,2024-06-23 09:47:00,2024-06-23 10:22:00,4.03,2,Newham,Lambeth,35.0
2024-02-05,TFL-J-797784,Tube,London Bridge,Victoria,2024-02-05 16:28:00,2024-02-05 16:54:00,4.58,0,Southwark,Westminster,26.0
2024-10-02,TFL-J-461655,Bus,Kings Cross,Liverpool Street,2024-10-02 20:41:00,2024-10-02 21:14:00,1.75,1,Camden,City of London,33.0
2024-01-05,TFL-J-435410,Tube,Bank,Canary Wharf,2024-01-05 17:27:00,2024-01-05 17:58:00,2.89,5,City of London,Tower Hamlets,31.0
2024-04-02,TFL-J-523546,Tube,Paddington,London Bridge,2024-04-02 18:28:00,2024-04-02 18:48:00,4.94,5,Westminster,Southwark,20.0
2024-09-02,TFL-J-142313,Tube,Euston,Waterloo,2024-09-02 09:46:00,2024-09-02 10:51:00,3.76,41,Camden,Lambeth,65.0
2024-07-01,TFL-J-669463,Overground,Liverpool Street,Euston,2024-07-01 18:05:00,2024-07-01 18:59:00,5.5,18,City of London,Camden,54.0
2024-08-19,TFL-J-895144,Overground,Victoria,Stratford,2024-08-19 08:36:00,2024-08-19 08:55:00,5.05,1,Westminster,Newham,19.0
2024-03-14,TFL-J-955722,Tube,Kings Cross,Victoria,2024-03-14 15:05:00,2024-03-14 15:38:00,3.68,0,Camden,Westminster,33.0
2024-04-01,TFL-J-334973,Tube,Kings Cross,Waterloo,2024-04-01 16:01:00,2024-04-01 16:47:00,4.09,14,Camden,Lambeth,46.0
2024-10-26,TFL-J-758088,Overground,Victoria,Paddington,2024-10-26 17:48:00,2024-10-26 18:30:00,4.41,5,Westminster,Westminster,42.0
2024-09-13,TFL-J-102517,Bus,Paddington,Victoria,2024-09-13 17:12:00,2024-09-13 17:39:00,1.75,1,Westminster,Westminster,27.0
2024-12-03,TFL-J-212619,Bus,Canary Wharf,Kings Cross,2024-12-03 08:32:00,2024-12-03 09:02:00,1.75,0,Tower Hamlets,Camden,30.0
2024-03-07,TFL-J-377091,Tube,Kings Cross,Victoria,2024-03-07 17:25:00,2024-03-07 18:20:00,3.69,10,Camden,Westminster,55.0
2024-07-01,TFL-J-575793,Tube,Euston,Kings Cross,2024-07-01 13:10:00,2024-07-01 13:54:00,5.4,3,Camden,Camden,44.0
2024-07-06,TFL-J-380046,Tube,Bank,Paddington,2024-07-06 07:33:00,2024-07-06 08:14:00,5.43,1,City of London,Westminster,41.0
2024-02-12,TFL-J-614653,Tube,Euston,Kings Cross,2024-02-12 20:54:00,2024-02-12 21:28:00,3.95,3,Camden,Camden,34.0
2024-03-26,TFL-J-134760,Tube,Liverpool Street,Canary Wharf,2024-03-26 10:32:00,2024-03-26 10:49:00,5.44,2,City of London,Tower Hamlets,17.0
2024-04-29,TFL-J-797201,Bus,Euston,Paddington,2024-04-29 08:56:00,2024-04-29 10:00:00,1.75,34,Camden,Westminster,64.0
2024-11-14,TFL-J-623426,Tube,Stratford,Canary Wharf,2024-11-14 19:22:00,2024-11-14 20:01:00,3.04,0,Newham,Tower Hamlets,39.0
2024-12-16,TFL-J-455291,Tube,Liverpool Street,Bank,2024-12-16 16:49:00,2024-12-16 17:44:00,3.86,17,City of London,City of London,55.0
2024-12-19,TFL-J-798128,Tube,Victoria,Canary Wharf,2024-12-19 09:25:00,2024-12-19 10:02:00,3.27,5,Westminster,Tower Hamlets,37.0
2024-08-31,TFL-J-632874,Tube,Victoria,Bank,2024-08-31 08:27:00,2024-08-31 08:54:00,3.46,7,Westminster,City of London,27.0
2024-07-25,TFL-J-550388,Tube,Kings Cross,Liverpool Street,2024-07-25 16:16:00,2024-07-25 17:22:00,2.94,24,Camden,City of London,66.0
2024-05-16,TFL-J-802795,Tube,Euston,London Bridge,2024-05-16 15:46:00,2024-05-16 16:07:00,3.04,1,Camden,Southwark,21.0
2024-04-23,TFL-J-658539,Tube,Waterloo,Stratford,2024-04-23 07:13:00,2024-04-23 07:55:00,3.52,0,Lambeth,Newham,42.0
2024-10-12,TFL-J-155772,Overground,Canary Wharf,London Bridge,2024-10-12 16:26:00,2024-10-12 16:53:00,3.47,8,Tower Hamlets,Southwark,27.0
2024-05-11,TFL-J-545319,Tube,London Bridge,Canary Wharf,2024-05-11 14:00:00,2024-05-11 14:29:00,3.51,0,Southwark,Tower Hamlets,29.0
2024-01-01,TFL-J-566678,Tube,Canary Wharf,Victoria,2024-01-01 12:57:00,2024-01-01 13:46:00,9.38,4,Tower Hamlets,Westminster,49.0
2024-01-07,TFL-J-707759,Tube,Waterloo,Paddington,2024-01-07 09:35:00,2024-01-07 10:57:00,5.21,38,Lambeth,Westminster,82.0
2024-01-15,TFL-J-575672,Tube,Stratford,Victoria,2024-01-15 07:30:00,2024-01-15 07:52:00,3.21,3,Newham,Westminster,22.0
2024-04-17,TFL-J-455267,Bus,London Bridge,Waterloo,2024-04-17 18:55:00,2024-04-17 19:42:00,1.75,26,Southwark,Lambeth,47.0
2024-08-22,TFL-J-511346,Bus,Liverpool Street,Bank,2024-08-22 17:06:00,2024-08-22 17:54:00,1.75,19,City of London,City of London,48.0
2024-09-09,TFL-J-951601,Overground,Bank,Canary Wharf,2024-09-09 10:32:00,2024-09-09 11:19:00,3.29,3,City of London,Tower Hamlets,47.0
2024-09-25,TFL-J-450147,Tube,Kings Cross,Euston,2024-09-25 16:12:00,2024-09-25 17:05:00,4.62,9,Camden,Camden,53.0
2024-05-22,TFL-J-394761,Tube,Kings Cross,Bank,2024-05-22 09:03:00,2024-05-22 09:47:00,3.83,6,Camden,City of London,44.0
2024-12-29,TFL-J-297000,Bus,Victoria,Stratford,2024-12-29 17:27:00,2024-12-29 18:16:00,1.75,7,Westminster,Newham,49.0
2024-12-13,TFL-J-744683,Tube,Liverpool Street,Paddington,2024-12-13 10:50:00,2024-12-13 11:18:00,4.01,0,City of London,Westminster,28.0
2024-08-26,TFL-J-917836,Tube,Liverpool Street,Bank,2024-08-26 08:15:00,2024-08-26 08:49:00,3.96,12,City of London,City of London,34.0
2024-02-07,TFL-J-314437,Tube,Canary Wharf,Euston,2024-02-07 17:17:00,2024-02-07 17:55:00,4.36,0,Tower Hamlets,Camden,38.0
2024-10-01,TFL-J-491023,Tube,Victoria,Kings Cross,2024-10-01 17:40:00,2024-10-01 18:36:00,3.68,13,Westminster,Camden,56.0
2024-12-03,TFL-J-896387,Tube,London Bridge,Paddington,2024-12-03 09:23:00,2024-12-03 10:24:00,3.68,30,Southwark,Westminster,61.0
2024-04-07,TFL-J-141999,Tube,London Bridge,Canary Wharf,2024-04-07 17:21:00,2024-04-07 18:04:00,9.96,25,Southwark,Tower Hamlets,43.0
2024-10-20,TFL-J-714881,Overground,London Bridge,Victoria,2024-10-20 12:54:00,2024-10-20 13:28:00,3.12,5,Southwark,Westminster,34.0
2024-05-22,TFL-J-740065,Bus,Waterloo,Bank,2024-05-22 23:26:00,2024-05-22 23:52:00,1.75,2,Lambeth,City of London,26.0
2024-10-14,TFL-J-224319,Tube,London Bridge,Victoria,2024-10-14 18:14:00,2024-10-14 18:44:00,4.83,9,Southwark,Westminster,30.0
2024-12-06,TFL-J-677118,Tube,Liverpool Street,Kings Cross,2024-12-06 07:02:00,2024-12-06 08:14:00,4.43,28,City of London,Camden,72.0
2024-05-30,TFL-J-496292,Tube,Liverpool Street,Victoria,2024-05-30 07:09:00,2024-05-30 07:41:00,3.42,11,City of London,Westminster,32.0
2024-02-02,TFL-J-907081,Tube,Liverpool Street,Bank,2024-02-02 17:26:00,2024-02-02 17:52:00,3.01,7,City of London,City of London,26.0
2024-09-08,TFL-J-893635,Bus,Waterloo,Liverpool Street,2024-09-08 12:46:00,2024-09-08 13:13:00,1.75,0,Lambeth,City of London,27.0
2024-11-22,TFL-J-452326,Bus,Paddington,Stratford,2024-11-22 22:49:00,2024-11-22 23:07:00,1.75,1,Westminster,Newham,18.0
2024-12-15,TFL-J-479074,Bus,Kings Cross,Paddington,2024-12-15 09:48:00,2024-12-15 10:10:00,1.75,4,Camden,Westminster,22.0
2024-02-08,TFL-J-271981,Bus,Euston,Bank,2024-02-08 09:44:00,2024-02-08 10:24:00,1.75,8,Camden,City of London,40.0
2024-02-19,TFL-J-793726,Tube,Bank,Waterloo,2024-02-19 16:01:00,2024-02-19 16:43:00,2.84,1,City of London,Lambeth,42.0
2024-09-03,TFL-J-128970,Tube,Liverpool Street,Waterloo,2024-09-03 09:11:00,2024-09-03 09:51:00,3.4,11,City of London,Lambeth,40.0
2024-09-12,TFL-J-590194,Overground,Euston,Waterloo,2024-09-12 18:26:00,2024-09-12 19:12:00,3.95,18,Camden,Lambeth,46.0
2024-09-28,TFL-J-887293,Bus,Victoria,Waterloo,2024-09-28 09:51:00,2024-09-28 10:23:00,1.75,13,Westminster,Lambeth,32.0
2024-01-05,TFL-J-231094,Overground,Euston,Victoria,2024-01-05 10:47:00,2024-01-05 11:23:00,4.14,2,Camden,Westminster,36.0
2024-11-10,TFL-J-349322,Tube,Waterloo,Stratford,2024-11-10 09:41:00,2024-11-10 10:08:00,3.48,1,Lambeth,Newham,27.0
2024-08-13,TFL-J-359826,Tube,Liverpool Street,Kings Cross,2024-08-13 21:31:00,2024-08-13 22:10:00,5.46,1,City of London,Camden,39.0
2024-01-12,TFL-J-283821,Bus,Waterloo,Kings Cross,2024-01-12 16:10:00,2024-01-12 16:39:00,1.75,2,Lambeth,Camden,29.0
2024-10-31,TFL-J-360633,Tube,Waterloo,Stratford,2024-10-31 18:04:00,2024-10-31 18:55:00,8.52,11,Lambeth,Newham,51.0
2024-01-28,TFL-J-330469,Tube,Euston,Stratford,2024-01-28 09:57:00,2024-01-28 10:25:00,5.5,6,Camden,Newham,28.0
2024-11-03,TFL-J-742789,Tube,Canary Wharf,Euston,2024-11-03 19:57:00,2024-11-03 20:43:00,10.51,8,Tower Hamlets,Camden,46.0
2024-03-03,TFL-J-935948,Overground,Stratford,Victoria,2024-03-03 16:40:00,2024-03-03 17:34:00,8.13,21,Newham,Westminster,54.0
2024-11-22,TFL-J-134902,Overground,Paddington,Liverpool Street,2024-11-22 15:50:00,2024-11-22 16:12:00,4.37,0,Westminster,City of London,22.0
2024-06-22,TFL-J-358781,Tube,Canary Wharf,Victoria,2024-06-22 10:11:00,2024-06-22 10:33:00,5.49,1,Tower Hamlets,Westminster,22.0
2024-07-23,TFL-J-975506,Tube,Stratford,Kings Cross,2024-07-23 07:13:00,2024-07-23 07:34:00,3.06,3,Newham,Camden,21.0
2024-02-12,TFL-J-850583,Bus,Waterloo,Stratford,2024-02-12 09:09:00,2024-02-12 09:37:00,1.75,6,Lambeth,Newham,28.0
2024-01-06,TFL-J-789995,Tube,Euston,Stratford,2024-01-06 09:24:00,2024-01-06 10:02:00,3.59,2,Camden,Newham,38.0
2024-03-05,TFL-J-537542,Bus,Stratford,London Bridge,2024-03-05 07:26:00,2024-03-05 08:02:00,1.75,9,Newham,Southwark,36.0
2024-07-01,TFL-J-194978,Tube,Canary Wharf,Paddington,2024-07-01 16:13:00,2024-07-01 17:06:00,4.48,23,Tower Hamlets,Westminster,53.0
2024-08-26,TFL-J-207905,Bus,Canary Wharf,London Bridge,2024-08-26 13:49:00,2024-08-26 14:12:00,1.75,1,Tower Hamlets,Southwark,23.0
2024-11-21,TFL-J-335099,Tube,Canary Wharf,Waterloo,2024-11-21 07:54:00,2024-11-21 08:53:00,5.03,44,Tower Hamlets,Lambeth,59.0
2024-01-24,TFL-J-454883,Tube,Stratford,Bank,2024-01-24 17:07:00,2024-01-24 18:03:00,5.01,30,Newham,City of London,56.0
2024-09-16,TFL-J-121232,Tube,Stratford,Waterloo,2024-09-16 14:22:00,2024-09-16 15:10:00,4.23,5,Newham,Lambeth,48.0
2024-05-25,TFL-J-439742,Bus,Stratford,Bank,2024-05-25 09:04:00,2024-05-25 09:35:00,1.75,5,Newham,City of London,31.0
2024-04-03,TFL-J-553502,Overground,Paddington,Euston,2024-04-03 08:43:00,2024-04-03 08:59:00,3.08,1,Westminster,Camden,16.0
2024-05-10,TFL-J-215306,Bus,Euston,London Bridge,2024-05-10 07:26:00,2024-05-10 08:03:00,1.75,1,Camden,Southwark,37.0
2024-03-01,TFL-J-235043,Overground,London Bridge,Canary Wharf,2024-03-01 10:41:00,2024-03-01 11:27:00,5.09,4,Southwark,Tower Hamlets,46.0
2024-02-19,TFL-J-529365,Tube,Euston,Liverpool Street,2024-02-19 07:14:00,2024-02-19 08:11:00,4.28,18,Camden,City of London,57.0
2024-01-22,TFL-J-661686,Tube,Bank,Waterloo,2024-01-22 16:00:00,2024-01-22 16:34:00,3.65,7,City of London,Lambeth,34.0
2024-01-19,TFL-J-461685,Bus,Canary Wharf,Kings Cross,2024-01-19 16:06:00,2024-01-19 16:47:00,1.75,6,Tower Hamlets,Camden,41.0
2024-12-08,TFL-J-506516,Tube,Stratford,Victoria,2024-12-08 17:37:00,2024-12-08 18:01:00,5.26,5,Newham,Westminster,24.0
2024-01-04,TFL-J-374009,Tube,Liverpool Street,Victoria,2024-01-04 07:46:00,2024-01-04 08:05:00,4.17,0,City of London,Westminster,19.0
2024-10-28,TFL-J-271124,Bus,London Bridge,Liverpool Street,2024-10-28 07:48:00,2024-10-28 08:50:00,1.75,27,Southwark,City of London,62.0
2024-05-25,TFL-J-961289,Bus,Stratford,Canary Wharf,2024-05-25 17:46:00,2024-05-25 18:54:00,1.75,26,Newham,Tower Hamlets,68.0
2024-11-20,TFL-J-755492,Overground,Paddington,Bank,2024-11-20 16:35:00,2024-11-20 17:32:00,3.29,12,Westminster,City of London,57.0
2024-02-16,TFL-J-510837,Tube,Victoria,Paddington,2024-02-16 17:47:00,2024-02-16 18:41:00,3.5,14,Westminster,Westminster,54.0
2024-07-15,TFL-J-242036,Bus,Bank,Liverpool Street,2024-07-15 08:49:00,2024-07-15 09:52:00,1.75,38,City of London,City of London,63.0
2024-07-29,TFL-J-497847,Bus,Victoria,Euston,2024-07-29 08:39:00,2024-07-29 09:09:00,1.75,11,Westminster,Camden,30.0
2024-09-02,TFL-J-107257,Tube,Paddington,Kings Cross,2024-09-02 08:05:00,2024-09-02 08:30:00,2.85,9,Westminster,Camden,25.0
2024-11-08,TFL-J-596324,Overground,Paddington,Stratford,2024-11-08 07:28:00,2024-11-08 08:05:00,4.11,0,Westminster,Newham,37.0
2024-09-08,TFL-J-678200,Bus,Paddington,Waterloo,2024-09-08 19:32:00,2024-09-08 20:12:00,1.75,2,Westminster,Lambeth,40.0
2024-09-20,TFL-J-535651,Overground,Bank,Canary Wharf,2024-09-20 18:09:00,2024-09-20 18:18:00,9.4,9,City of London,Tower Hamlets,9.0
2024-12-08,TFL-J-258002,Bus,Waterloo,Victoria,2024-12-08 13:42:00,2024-12-08 14:06:00,1.75,1,Lambeth,Westminster,24.0
2024-04-09,TFL-J-127406,Tube,Liverpool Street,Victoria,2024-04-09 08:17:00,2024-04-09 08:46:00,3.51,6,City of London,Westminster,29.0
2024-10-30,TFL-J-965046,Bus,Paddington,Kings Cross,2024-10-30 20:14:00,2024-10-30 20:52:00,1.75,0,Westminster,Camden,38.0
2024-03-23,TFL-J-132107,Tube,Bank,Paddington,2024-03-23 12:14:00,2024-03-23 12:54:00,3.98,0,City of London,Westminster,40.0
2024-08-29,TFL-J-136960,Tube,Bank,Euston,2024-08-29 10:12:00,2024-08-29 10:44:00,5.03,0,City of London,Camden,32.0
2024-01-22,TFL-J-854271,Tube,London Bridge,Liverpool Street,2024-01-22 09:22:00,2024-01-22 10:10:00,5.39,3,Southwark,City of London,48.0
2024-01-10,TFL-J-214907,Bus,Paddington,Stratford,2024-01-10 18:08:00,2024-01-10 18:12:00,9.4,4,Westminster,Newham,4.0
2024-02-05,TFL-J-443017,Bus,Canary Wharf,Stratford,2024-02-05 18:06:00,2024-02-05 18:58:00,1.75,25,Tower Hamlets,Newham,52.0
2024-09-26,TFL-J-510934,Overground,Canary Wharf,Paddington,2024-09-26 07:58:00,2024-09-26 08:18:00,3.1,0,Tower Hamlets,Westminster,20.0
2024-10-13,TFL-J-190248,Bus,Bank,Paddington,2024-10-13 13:18:00,2024-10-13 13:47:00,4.61,2,City of London,Westminster,29.0
2024-05-08,TFL-J-229075,Tube,Liverpool Street,Waterloo,2024-05-08 08:36:00,2024-05-08 08:39:00,9.4,14,City of London,Lambeth,3.0
2024-10-20,TFL-J-147818,Bus,Liverpool Street,Paddington,2024-10-20 07:27:00,2024-10-20 08:22:00,1.75,28,City of London,Westminster,55.0
2024-10-09,TFL-J-428883,Tube,Liverpool Street,Euston,2024-10-09 07:05:00,2024-10-09 07:42:00,5.26,2,City of London,Camden,37.0
2024-12-02,TFL-J-422136,Tube,Bank,Victoria,2024-12-02 16:57:00,2024-12-02 17:16:00,5.33,1,City of London,Westminster,19.0
2024-06-16,TFL-J-560231,Tube,Stratford,London Bridge,2024-06-16 08:28:00,2024-06-16 09:07:00,3.7,9,Newham,Southwark,39.0
2024-06-08,TFL-J-719787,Tube,Stratford,London Bridge,2024-06-08 07:46:00,2024-06-08 08:14:00,3.29,4,Newham,Southwark,28.0
2024-08-26,TFL-J-257337,Tube,Liverpool Street,Stratford,2024-08-26 17:50:00,2024-08-26 18:18:00,3.76,4,City of London,Newham,28.0
2024-07-04,TFL-J-737961,Bus,Kings Cross,Victoria,2024-07-04 20:52:00,2024-07-04 21:12:00,1.75,0,Camden,Westminster,20.0
2024-09-26,TFL-J-888928,Tube,Waterloo,Canary Wharf,2024-09-26 17:49:00,2024-09-26 18:29:00,4.39,10,Lambeth,Tower Hamlets,40.0
2024-01-28,TFL-J-433950,Tube,Canary Wharf,Paddington,2024-01-28 22:10:00,2024-01-28 22:31:00,4.49,0,Tower Hamlets,Westminster,21.0
2024-11-14,TFL-J-628362,Tube,Bank,Canary Wharf,2024-11-14 07:26:00,2024-11-14 08:36:00,4.46,36,City of London,Tower Hamlets,70.0
2024-03-30,TFL-J-943877,Tube,Paddington,Euston,2024-03-30 09:31:00,2024-03-30 10:21:00,4.1,22,Westminster,Camden,50.0
2024-05-23,TFL-J-364921,Tube,Paddington,Victoria,2024-05-23 10:10:00,2024-05-23 10:54:00,4.05,5,Westminster,Westminster,44.0
2024-06-01,TFL-J-666640,Tube,Victoria,Bank,2024-06-01 10:53:00,2024-06-01 11:34:00,4.71,1,Westminster,City of London,41.0
2024-08-02,TFL-J-962991,Bus,Kings Cross,Stratford,2024-08-02 18:25:00,2024-08-02 18:51:00,1.75,3,Camden,Newham,26.0
2024-03-21,TFL-J-406245,Overground,Liverpool Street,Euston,2024-03-21 14:09:00,2024-03-21 14:48:00,3.05,4,City of London,Camden,39.0
2024-05-23,TFL-J-576717,Tube,London Bridge,Victoria,2024-05-23 22:22:00,2024-05-23 23:08:00,2.82,5,Southwark,Westminster,46.0
2024-04-20,TFL-J-797425,Tube,Bank,Victoria,2024-04-20 09:32:00,2024-04-20 10:25:00,3.79,27,City of London,Westminster,53.0
2024-01-30,TFL-J-418461,Bus,London Bridge,Canary Wharf,2024-01-30 18:31:00,2024-01-30 19:38:00,1.75,22,Southwark,Tower Hamlets,67.0
2024-11-02,TFL-J-395514,Bus,Canary Wharf,Kings Cross,2024-11-02 07:14:00,2024-11-02 08:00:00,1.75,7,Tower Hamlets,Camden,46.0
2024-04-01,TFL-J-151180,Overground,Bank,Waterloo,2024-04-01 07:17:00,2024-04-01 07:42:00,10.86,0,City of London,Lambeth,25.0
2024-06-12,TFL-J-743808,Tube,Victoria,Kings Cross,2024-06-12 16:50:00,2024-06-12 17:21:00,4.56,7,Westminster,Camden,31.0
2024-11-02,TFL-J-821511,Tube,Kings Cross,Paddington,2024-11-02 16:01:00,2024-11-02 16:42:00,3.37,12,Camden,Westminster,41.0
2024-04-15,TFL-J-154042,Tube,Liverpool Street,Paddington,2024-04-15 17:53:00,2024-04-15 18:25:00,4.68,4,City of London,Westminster,32.0
2024-05-04,TFL-J-396438,Tube,Paddington,Bank,2024-05-04 08:11:00,2024-05-04 08:46:00,4.74,1,Westminster,City of London,35.0
2024-10-18,TFL-J-994766,Tube,Victoria,Bank,2024-10-18 11:39:00,2024-10-18 11:55:00,4.95,0,Westminster,City of London,16.0
2024-02-03,TFL-J-256598,Tube,Paddington,Canary Wharf,2024-02-03 12:55:00,2024-02-03 13:29:00,4.5,1,Westminster,Tower Hamlets,34.0
2024-05-16,TFL-J-473848,Tube,London Bridge,Euston,2024-05-16 17:41:00,2024-05-16 18:09:00,5.25,0,Southwark,Camden,28.0
2024-11-18,TFL-J-179500,Bus,Paddington,Canary Wharf,2024-11-18 08:05:00,2024-11-18 08:29:00,1.75,5,Westminster,Tower Hamlets,24.0
2024-04-02,TFL-J-453787,Bus,Victoria,Paddington,2024-04-02 14:59:00,2024-04-02 15:17:00,1.75,3,Westminster,Westminster,18.0
2024-01-10,TFL-J-939763,Bus,Euston,Stratford,2024-01-10 08:48:00,2024-01-10 09:34:00,1.75,11,Camden,Newham,46.0
2024-11-05,TFL-J-684371,Bus,Waterloo,Paddington,2024-11-05 07:25:00,2024-11-05 07:50:00,1.75,5,Lambeth,Westminster,25.0
2024-10-01,TFL-J-739434,Tube,Euston,Stratford,2024-10-01 23:09:00,2024-10-01 23:52:00,4.49,0,Camden,Newham,43.0
2024-12-12,TFL-J-724324,Tube,Paddington,London Bridge,2024-12-12 13:21:00,2024-12-12 13:55:00,3.97,5,Westminster,Southwark,34.0
2024-08-12,TFL-J-192270,Bus,London Bridge,Euston,2024-08-12 18:59:00,2024-08-12 19:31:00,4.39,12,Southwark,Camden,32.0
2024-09-17,TFL-J-725617,Tube,Victoria,Canary Wharf,2024-09-17 17:11:00,2024-09-17 17:33:00,4.28,2,Westminster,Tower Hamlets,22.0
2024-02-25,TFL-J-810052,Tube,Victoria,Liverpool Street,2024-02-25 17:42:00,2024-02-25 18:32:00,2.83,17,Westminster,City of London,50.0
2024-05-07,TFL-J-270000,Tube,Waterloo,Kings Cross,2024-05-07 23:49:00,2024-05-08 00:07:00,5.19,3,Lambeth,Camden,18.0
2024-08-06,TFL-J-742862,Bus,Euston,Kings Cross,2024-08-06 08:31:00,2024-08-06 09:38:00,1.75,29,Camden,Camden,67.0
2024-10-20,TFL-J-805777,Bus,Canary Wharf,Paddington,2024-10-20 07:40:00,2024-10-20 08:17:00,1.75,10,Tower Hamlets,Westminster,37.0
2024-06-07,TFL-J-451193,Bus,Liverpool Street,Waterloo,2024-06-07 18:55:00,2024-06-07 19:20:00,1.75,2,City of London,Lambeth,25.0
2024-09-15,TFL-J-788900,Tube,Paddington,Bank,2024-09-15 09:10:00,2024-09-15 09:45:00,3.48,7,Westminster,City of London,35.0
2024-12-24,TFL-J-740175,Tube,Waterloo,London Bridge,2024-12-24 13:45:00,2024-12-24 14:24:00,2.87,1,Lambeth,Southwark,39.0
2024-03-20,TFL-J-529516,Bus,Euston,Stratford,2024-03-20 17:10:00,2024-03-20 17:45:00,1.75,1,Camden,Newham,35.0
2024-06-08,TFL-J-205760,Tube,Kings Cross,Liverpool Street,2024-06-08 07:13:00,2024-06-08 07:47:00,3.69,0,Camden,City of London,34.0
2024-05-10,TFL-J-679766,Bus,Paddington,Stratford,2024-05-10 17:14:00,2024-05-10 18:02:00,1.75,24,Westminster,Newham,48.0
2024-08-07,TFL-J-845150,Tube,Canary Wharf,Stratford,2024-08-07 07:25:00,2024-08-07 08:08:00,3.08,0,Tower Hamlets,Newham,43.0
2024-05-23,TFL-J-664788,Tube,Liverpool Street,Paddington,2024-05-23 16:56:00,2024-05-23 17:40:00,4.79,12,City of London,Westminster,44.0
2024-02-27,TFL-J-623437,Tube,Waterloo,Euston,2024-02-27 09:10:00,2024-02-27 09:54:00,4.55,15,Lambeth,Camden,44.0
2024-04-03,TFL-J-786984,Tube,Euston,Bank,2024-04-03 08:18:00,2024-04-03 09:04:00,3.78,6,Camden,City of London,46.0
2024-09-21,TFL-J-272872,Tube,Liverpool Street,Euston,2024-09-21 19:38:00,2024-09-21 20:16:00,5.18,2,City of London,Camden,38.0
2024-02-07,TFL-J-625613,Bus,Stratford,Paddington,2024-02-07 08:28:00,2024-02-07 08:56:00,1.75,7,Newham,Westminster,28.0
2024-01-09,TFL-J-344012,Tube,Victoria,Paddington,2024-01-09 21:48:00,2024-01-09 22:14:00,5.24,1,Westminster,Westminster,26.0
2024-07-18,TFL-J-377781,Tube,Stratford,Bank,2024-07-18 17:10:00,2024-07-18 17:55:00,9.47,26,Newham,City of London,45.0
2024-12-19,TFL-J-553052,Tube,Paddington,Kings Cross,2024-12-19 09:01:00,2024-12-19 09:36:00,3.67,4,Westminster,Camden,35.0
2024-02-03,TFL-J-500874,Tube,Victoria,Euston,2024-02-03 07:59:00,2024-02-03 08:32:00,5.41,8,Westminster,Camden,33.0
2024-12-21,TFL-J-510697,Tube,London Bridge,Canary Wharf,2024-12-21 08:09:00,2024-12-21 08:31:00,4.97,4,Southwark,Tower Hamlets,22.0
2024-01-02,TFL-J-710464,Tube,Kings Cross,Waterloo,2024-01-02 18:40:00,2024-01-02 19:14:00,4.9,3,Camden,Lambeth,34.0
2024-05-08,TFL-J-677683,Tube,Bank,Waterloo,2024-05-08 16:26:00,2024-05-08 16:58:00,2.95,0,City of London,Lambeth,32.0
2024-09-05,TFL-J-488920,Tube,Liverpool Street,Stratford,2024-09-05 12:40:00,2024-09-05 13:16:00,3.12,0,City of London,Newham,36.0
2024-04-24,TFL-J-378868,Tube,Euston,Bank,2024-04-24 14:31:00,2024-04-24 14:59:00,5.43,0,Camden,City of London,28.0
2024-05-02,TFL-J-555625,Overground,Liverpool Street,Victoria,2024-05-02 13:23:00,2024-05-02 13:47:00,4.61,0,City of London,Westminster,24.0
2024-11-23,TFL-J-520363,Tube,London Bridge,Kings Cross,2024-11-23 08:20:00,2024-11-23 08:59:00,3.0,14,Southwark,Camden,39.0
2024-02-11,TFL-J-199082,Bus,Paddington,Waterloo,2024-02-11 07:06:00,2024-02-11 07:33:00,1.75,9,Westminster,Lambeth,27.0
2024-07-20,TFL-J-517334,Tube,London Bridge,Euston,2024-07-20 16:03:00,2024-07-20 16:40:00,4.32,14,Southwark,Camden,37.0
2024-10-19,TFL-J-383767,Tube,London Bridge,Waterloo,2024-10-19 08:15:00,2024-10-19 09:34:00,4.92,36,Southwark,Lambeth,79.0
2024-02-22,TFL-J-815304,Tube,London Bridge,Paddington,2024-02-22 17:07:00,2024-02-22 17:42:00,4.38,3,Southwark,Westminster,35.0
2024-10-15,TFL-J-818992,Bus,Liverpool Street,Stratford,2024-10-15 07:43:00,2024-10-15 08:21:00,1.75,3,City of London,Newham,38.0
2024-02-01,TFL-J-710477,Overground,Paddington,Bank,2024-02-01 16:06:00,2024-02-01 17:02:00,5.2,14,Westminster,City of London,56.0
2024-07-08,TFL-J-520793,Bus,Canary Wharf,London Bridge,2024-07-08 22:45:00,2024-07-08 23:38:00,1.75,13,Tower Hamlets,Southwark,53.0
2024-05-25,TFL-J-809743,Tube,Waterloo,Victoria,2024-05-25 19:48:00,2024-05-25 20:16:00,3.27,3,Lambeth,Westminster,28.0
2024-07-17,TFL-J-439254,Tube,Stratford,Liverpool Street,2024-07-17 09:23:00,2024-07-17 10:36:00,3.31,36,Newham,City of London,73.0
2024-03-20,TFL-J-367279,Bus,Liverpool Street,London Bridge,2024-03-20 07:24:00,2024-03-20 07:55:00,1.75,6,City of London,Southwark,31.0
2024-05-12,TFL-J-554852,Tube,Stratford,Waterloo,2024-05-12 08:11:00,2024-05-12 08:45:00,3.7,8,Newham,Lambeth,34.0
2024-09-11,TFL-J-830177,Tube,Paddington,Kings Cross,2024-09-11 13:36:00,2024-09-11 14:20:00,3.11,6,Westminster,Camden,44.0
2024-11-25,TFL-J-964566,Overground,Euston,London Bridge,2024-11-25 08:46:00,2024-11-25 10:00:00,3.82,31,Camden,Southwark,74.0
2024-03-05,TFL-J-371159,Tube,Kings Cross,Liverpool Street,2024-03-05 07:25:00,2024-03-05 07:56:00,4.3,5,Camden,City of London,31.0
2024-08-02,TFL-J-800745,Tube,Paddington,Waterloo,2024-08-02 17:26:00,2024-08-02 17:54:00,4.6,11,Westminster,Lambeth,28.0
2024-02-06,TFL-J-544453,Tube,Euston,Victoria,2024-02-06 08:26:00,2024-02-06 09:05:00,4.99,0,Camden,Westminster,39.0
2024-11-24,TFL-J-633172,Overground,Paddington,Liverpool Street,2024-11-24 08:40:00,2024-11-24 09:01:00,4.01,4,Westminster,City of London,21.0
2024-03-23,TFL-J-222632,Tube,Kings Cross,Bank,2024-03-23 17:16:00,2024-03-23 18:11:00,5.31,13,Camden,City of London,55.0
2024-05-14,TFL-J-981175,Tube,Euston,Canary Wharf,2024-05-14 16:58:00,2024-05-14 17:32:00,4.46,1,Camden,Tower Hamlets,34.0
2024-02-21,TFL-J-717242,Tube,Victoria,London Bridge,2024-02-21 20:51:00,2024-02-21 21:30:00,3.21,1,Westminster,Southwark,39.0
2024-09-01,TFL-J-627159,Tube,Victoria,Stratford,2024-09-01 09:45:00,2024-09-01 10:42:00,3.34,34,Westminster,Newham,57.0
2024-11-05,TFL-J-210751,Tube,Victoria,Bank,2024-11-05 16:25:00,2024-11-05 16:59:00,4.4,8,Westminster,City of London,34.0
2024-12-13,TFL-J-180703,Tube,Kings Cross,Victoria,2024-12-13 09:39:00,2024-12-13 10:47:00,3.88,32,Camden,Westminster,68.0
2024-12-02,TFL-J-717131,Bus,Euston,Paddington,2024-12-02 07:08:00,2024-12-02 07:35:00,1.75,2,Camden,Westminster,27.0
2024-09-19,TFL-J-577664,Tube,Stratford,London Bridge,2024-09-19 07:58:00,2024-09-19 08:29:00,4.54,12,Newham,Southwark,31.0
2024-04-28,TFL-J-399111,Bus,Canary Wharf,Waterloo,2024-04-28 16:22:00,2024-04-28 16:46:00,1.75,1,Tower Hamlets,Lambeth,24.0
2024-01-18,TFL-J-655477,Tube,Paddington,Canary Wharf,2024-01-18 20:35:00,2024-01-18 20:57:00,3.31,7,Westminster,Tower Hamlets,22.0
2024-06-27,TFL-J-829112,Bus,Canary Wharf,Liverpool Street,2024-06-27 08:39:00,2024-06-27 09:31:00,1.75,11,Tower Hamlets,City of London,52.0
2024-12-09,TFL-J-586498,Tube,Waterloo,Stratford,2024-12-09 17:57:00,2024-12-09 18:39:00,5.3,20,Lambeth,Newham,42.0
2024-05-12,TFL-J-306137,Overground,Victoria,London Bridge,2024-05-12 16:19:00,2024-05-12 16:46:00,4.87,1,Westminster,Southwark,27.0
2024-04-02,TFL-J-821057,Tube,Euston,Canary Wharf,2024-04-02 17:07:00,2024-04-02 17:52:00,4.05,7,Camden,Tower Hamlets,45.0
2024-10-04,TFL-J-611867,Tube,Stratford,Bank,2024-10-04 13:07:00,2024-10-04 13:40:00,4.81,5,Newham,City of London,33.0
2024-04-23,TFL-J-742162,Bus,Bank,Waterloo,2024-04-23 17:07:00,2024-04-23 17:49:00,1.75,23,City of London,Lambeth,42.0
2024-06-09,TFL-J-656984,Tube,Stratford,Euston,2024-06-09 18:22:00,2024-06-09 18:43:00,9.42,5,Newham,Camden,21.0
2024-03-14,TFL-J-545018,Tube,Canary Wharf,Waterloo,2024-03-14 17:39:00,2024-03-14 18:28:00,3.23,24,Tower Hamlets,Lambeth,49.0
2024-03-09,TFL-J-441302,Tube,Kings Cross,Canary Wharf,2024-03-09 09:27:00,2024-03-09 10:07:00,3.21,2,Camden,Tower Hamlets,40.0
2024-08-05,TFL-J-221642,Tube,Euston,Kings Cross,2024-08-05 10:33:00,2024-08-05 11:21:00,4.68,3,Camden,Camden,48.0
2024-09-13,TFL-J-592738,Tube,Bank,Euston,2024-09-13 08:40:00,2024-09-13 09:42:00,5.33,20,City of London,Camden,62.0
2024-12-12,TFL-J-173424,Tube,Canary Wharf,Paddington,2024-12-12 12:42:00,2024-12-12 13:08:00,3.25,0,Tower Hamlets,Westminster,26.0
2024-07-17,TFL-J-568621,Overground,Euston,Paddington,2024-07-17 16:55:00,2024-07-17 17:26:00,5.4,6,Camden,Westminster,31.0
2024-04-23,TFL-J-710443,Tube,Euston,Kings Cross,2024-04-23 15:31:00,2024-04-23 16:18:00,3.55,2,Camden,Camden,47.0
2024-05-07,TFL-J-206094,Overground,Stratford,Paddington,2024-05-07 16:45:00,2024-05-07 17:42:00,3.23,22,Newham,Westminster,57.0
2024-11-10,TFL-J-805878,Tube,Victoria,Kings Cross,2024-11-10 16:30:00,2024-11-10 17:26:00,3.04,14,Westminster,Camden,56.0
2024-10-22,TFL-J-453267,Bus,Kings Cross,Stratford,2024-10-22 07:49:00,2024-10-22 08:30:00,1.75,9,Camden,Newham,41.0
2024-04-23,TFL-J-570569,Tube,Canary Wharf,Stratford,2024-04-23 11:43:00,2024-04-23 12:21:00,5.46,6,Tower Hamlets,Newham,38.0
2024-12-20,TFL-J-742596,Tube,London Bridge,Paddington,2024-12-20 22:57:00,2024-12-20 23:43:00,4.61,9,Southwark,Westminster,46.0
2024-08-10,TFL-J-739867,Tube,Bank,Canary Wharf,2024-08-10 10:37:00,2024-08-10 10:56:00,2.91,3,City of London,Tower Hamlets,19.0
2024-08-15,TFL-J-725914,Tube,Kings Cross,Bank,2024-08-15 08:26:00,2024-08-15 08:53:00,3.68,0,Camden,City of London,27.0
2024-06-24,TFL-J-883162,Bus,Canary Wharf,Euston,2024-06-24 20:53:00,2024-06-24 21:38:00,1.75,0,Tower Hamlets,Camden,45.0
2024-05-27,TFL-J-853477,Bus,Kings Cross,Bank,2024-05-27 07:41:00,2024-05-27 08:24:00,1.75,6,Camden,City of London,43.0
2024-06-19,TFL-J-348505,Tube,Bank,Euston,2024-06-19 21:57:00,2024-06-19 22:44:00,4.37,6,City of London,Camden,47.0
2024-06-09,TFL-J-142219,Overground,Stratford,Waterloo,2024-06-09 09:29:00,2024-06-09 10:03:00,3.43,0,Newham,Lambeth,34.0
2024-04-12,TFL-J-166127,Bus,Liverpool Street,Bank,2024-04-12 09:54:00,2024-04-12 10:41:00,1.75,4,City of London,City of London,47.0
2024-09-08,TFL-J-227634,Tube,Canary Wharf,Liverpool Street,2024-09-08 16:53:00,2024-09-08 17:43:00,2.84,13,Tower Hamlets,City of London,50.0
2024-03-27,TFL-J-797001,Overground,London Bridge,Euston,2024-03-27 12:05:00,2024-03-27 12:42:00,3.35,0,Southwark,Camden,37.0
2024-02-04,TFL-J-200033,Bus,Waterloo,Euston,2024-02-04 16:14:00,2024-02-04 16:55:00,1.75,9,Lambeth,Camden,41.0
2024-01-19,TFL-J-736043,Bus,Paddington,London Bridge,2024-01-19 22:32:00,2024-01-19 22:56:00,1.75,2,Westminster,Southwark,24.0
2024-11-01,TFL-J-425185,Overground,Liverpool Street,London Bridge,2024-11-01 09:36:00,2024-11-01 10:18:00,11.58,9,City of London,Southwark,42.0
2024-06-02,TFL-J-571188,Tube,London Bridge,Euston,2024-06-02 07:59:00,2024-06-02 08:31:00,2.88,0,Southwark,Camden,32.0
2024-02-25,TFL-J-522578,Tube,Victoria,Stratford,2024-02-25 09:24:00,2024-02-25 10:01:00,3.54,9,Westminster,Newham,37.0
2024-10-08,TFL-J-202366,Bus,Stratford,Paddington,2024-10-08 07:22:00,2024-10-08 08:15:00,1.75,12,Newham,Westminster,53.0
2024-03-18,TFL-J-756528,Tube,Bank,Stratford,2024-03-18 16:18:00,2024-03-18 17:04:00,4.49,19,City of London,Newham,46.0
2024-03-27,TFL-J-646253,Tube,Canary Wharf,Victoria,2024-03-27 17:37:00,2024-03-27 18:04:00,3.25,9,Tower Hamlets,Westminster,27.0
2024-05-17,TFL-J-860004,Overground,Stratford,Bank,2024-05-17 09:41:00,2024-05-17 10:42:00,6.11,20,Newham,City of London,61.0
2024-03-06,TFL-J-409765,Tube,Victoria,Stratford,2024-03-06 18:29:00,2024-03-06 18:48:00,2.84,2,Westminster,Newham,19.0
2024-03-08,TFL-J-932049,Tube,Paddington,Euston,2024-03-08 16:28:00,2024-03-08 17:29:00,10.51,19,Westminster,Camden,61.0
2024-03-23,TFL-J-432673,Tube,Paddington,Bank,2024-03-23 15:15:00,2024-03-23 15:57:00,4.8,0,Westminster,City of London,42.0
2024-09-12,TFL-J-363019,Bus,Euston,London Bridge,2024-09-12 08:37:00,2024-09-12 09:10:00,1.75,12,Camden,Southwark,33.0
2024-05-01,TFL-J-798320,Bus,Canary Wharf,Waterloo,2024-05-01 07:48:00,2024-05-01 08:16:00,1.75,1,Tower Hamlets,Lambeth,28.0
2024-09-22,TFL-J-653712,Tube,Euston,London Bridge,2024-09-22 17:01:00,2024-09-22 18:16:00,3.74,48,Camden,Southwark,75.0
2024-11-30,TFL-J-541119,Tube,Bank,Liverpool Street,2024-11-30 09:48:00,2024-11-30 10:07:00,4.26,3,City of London,City of London,19.0
2024-08-23,TFL-J-215589,Tube,Euston,Waterloo,2024-08-23 08:33:00,2024-08-23 09:20:00,3.33,4,Camden,Lambeth,47.0
2024-09-20,TFL-J-212670,Tube,Bank,London Bridge,2024-09-20 08:30:00,2024-09-20 08:45:00,5.19,0,City of London,Southwark,15.0
2024-11-20,TFL-J-467140,Tube,Paddington,Stratford,2024-11-20 16:50:00,2024-11-20 17:24:00,3.08,6,Westminster,Newham,34.0
2024-07-06,TFL-J-257759,Tube,Canary Wharf,Kings Cross,2024-07-06 08:44:00,2024-07-06 09:12:00,5.3,6,Tower Hamlets,Camden,28.0
2024-03-24,TFL-J-898526,Bus,London Bridge,Victoria,2024-03-24 08:17:00,2024-03-24 08:38:00,1.75,1,Southwark,Westminster,21.0
2024-11-25,TFL-J-649585,Tube,Kings Cross,Paddington,2024-11-25 16:28:00,2024-11-25 16:47:00,3.48,0,Camden,Westminster,19.0
2024-05-14,TFL-J-888970,Tube,Stratford,London Bridge,2024-05-14 11:28:00,2024-05-14 12:02:00,4.44,1,Newham,Southwark,34.0
2024-05-14,TFL-J-949808,Tube,Kings Cross,Bank,2024-05-14 19:50:00,2024-05-14 20:25:00,5.17,1,Camden,City of London,35.0
2024-05-17,TFL-J-305373,Tube,Victoria,Bank,2024-05-17 08:38:00,2024-05-17 09:11:00,4.11,2,Westminster,City of London,33.0
2024-07-19,TFL-J-903913,Tube,Euston,Victoria,2024-07-19 18:49:00,2024-07-19 19:19:00,4.94,2,Camden,Westminster,30.0
2024-01-14,TFL-J-222123,Overground,Stratford,London Bridge,2024-01-14 20:51:00,2024-01-14 21:31:00,4.36,0,Newham,Southwark,40.0
2024-03-29,TFL-J-986640,Tube,Victoria,London Bridge,2024-03-29 19:24:00,2024-03-29 20:00:00,3.33,3,Westminster,Southwark,36.0
2024-03-11,TFL-J-173549,Tube,Paddington,Liverpool Street,2024-03-11 07:33:00,2024-03-11 08:15:00,4.39,21,Westminster,City of London,42.0
2024-11-16,TFL-J-230251,Overground,Bank,Euston,2024-11-16 09:23:00,2024-11-16 10:09:00,4.26,10,City of London,Camden,46.0
2024-06-17,TFL-J-524382,Tube,Euston,Canary Wharf,2024-06-17 16:59:00,2024-06-17 18:00:00,4.35,35,Camden,Tower Hamlets,61.0
2024-04-23,TFL-J-802386,Overground,Canary Wharf,London Bridge,2024-04-23 13:56:00,2024-04-23 14:39:00,4.08,6,Tower Hamlets,Southwark,43.0
2024-08-21,TFL-J-225760,Tube,Stratford,Bank,2024-08-21 09:34:00,2024-08-21 10:23:00,3.56,5,Newham,City of London,49.0
2024-07-21,TFL-J-484134,Bus,Liverpool Street,London Bridge,2024-07-21 09:08:00,2024-07-21 09:46:00,1.75,2,City of London,Southwark,38.0
2024-04-17,TFL-J-719890,Tube,Paddington,Waterloo,2024-04-17 07:15:00,2024-04-17 08:08:00,4.55,15,Westminster,Lambeth,53.0
2024-03-28,TFL-J-779753,Bus,Kings Cross,Victoria,2024-03-28 07:48:00,2024-03-28 09:03:00,1.75,56,Camden,Westminster,75.0
2024-12-15,TFL-J-355259,Overground,Bank,Liverpool Street,2024-12-15 08:55:00,2024-12-15 09:19:00,3.89,4,City of London,City of London,24.0
2024-01-31,TFL-J-100883,Bus,Paddington,Kings Cross,2024-01-31 07:30:00,2024-01-31 07:59:00,1.75,4,Westminster,Camden,29.0
2024-10-13,TFL-J-659383,Tube,Liverpool Street,Waterloo,2024-10-13 18:08:00,2024-10-13 18:44:00,4.54,2,City of London,Lambeth,36.0
2024-09-01,TFL-J-413716,Bus,Stratford,Paddington,2024-09-01 19:16:00,2024-09-01 19:37:00,1.75,4,Newham,Westminster,21.0
2024-11-30,TFL-J-374385,Tube,Victoria,Paddington,2024-11-30 09:09:00,2024-11-30 09:58:00,4.06,21,Westminster,Westminster,49.0
2024-08-07,TFL-J-593458,Tube,Bank,Euston,2024-08-07 17:07:00,2024-08-07 17:55:00,4.46,6,City of London,Camden,48.0
2024-11-30,TFL-J-966331,Tube,Paddington,London Bridge,2024-11-30 09:40:00,2024-11-30 10:41:00,3.18,16,Westminster,Southwark,61.0
2024-12-02,TFL-J-704797,Tube,London Bridge,Liverpool Street,2024-12-02 23:39:00,2024-12-03 00:14:00,4.75,0,Southwark,City of London,35.0
2024-05-12,TFL-J-801707,Tube,Liverpool Street,Canary Wharf,2024-05-12 08:17:00,2024-05-12 08:39:00,4.95,7,City of London,Tower Hamlets,22.0
2024-11-19,TFL-J-363209,Tube,Waterloo,Paddington,2024-11-19 07:42:00,2024-11-19 08:16:00,5.06,13,Lambeth,Westminster,34.0
2024-04-24,TFL-J-777192,Tube,Waterloo,Paddington,2024-04-24 22:20:00,2024-04-24 23:01:00,4.06,3,Lambeth,Westminster,41.0
2024-01-03,TFL-J-268770,Tube,Waterloo,London Bridge,2024-01-03 08:48:00,2024-01-03 09:52:00,5.28,20,Lambeth,Southwark,64.0
2024-02-02,TFL-J-248619,Tube,Liverpool Street,Paddington,2024-02-02 07:41:00,2024-02-02 08:12:00,2.86,8,City of London,Westminster,31.0
2024-08-20,TFL-J-112056,Bus,Paddington,Victoria,2024-08-20 07:50:00,2024-08-20 08:25:00,1.75,1,Westminster,Westminster,35.0
2024-01-07,TFL-J-379948,Tube,Liverpool Street,Bank,2024-01-07 07:59:00,2024-01-07 08:54:00,5.23,17,City of London,City of London,55.0
2024-06-27,TFL-J-897880,Tube,Paddington,Bank,2024-06-27 09:37:00,2024-06-27 10:11:00,3.22,0,Westminster,City of London,34.0
2024-07-04,TFL-J-782158,Tube,Stratford,Liverpool Street,2024-07-04 13:17:00,2024-07-04 13:56:00,3.57,4,Newham,City of London,39.0
2024-08-10,TFL-J-672680,Bus,Stratford,Victoria,2024-08-10 16:14:00,2024-08-10 17:07:00,1.75,10,Newham,Westminster,53.0
2024-05-31,TFL-J-873732,Overground,Waterloo,London Bridge,2024-05-31 16:49:00,2024-05-31 17:22:00,5.44,12,Lambeth,Southwark,33.0
2024-02-12,TFL-J-914162,Tube,London Bridge,Kings Cross,2024-02-12 17:56:00,2024-02-12 18:15:00,4.17,0,Southwark,Camden,19.0
2024-01-01,TFL-J-555129,Bus,London Bridge,Victoria,2024-01-01 09:36:00,2024-01-01 10:24:00,1.75,9,Southwark,Westminster,48.0
2024-07-27,TFL-J-241752,Tube,Stratford,Euston,2024-07-27 09:51:00,2024-07-27 10:20:00,3.9,1,Newham,Camden,29.0
2024-08-20,TFL-J-607558,Bus,Bank,Euston,2024-08-20 18:15:00,2024-08-20 18:59:00,1.75,1,City of London,Camden,44.0
2024-04-26,TFL-J-650348,Tube,Kings Cross,Euston,2024-04-26 17:49:00,2024-04-26 18:37:00,5.25,9,Camden,Camden,48.0
2024-07-31,TFL-J-119471,Tube,Waterloo,London Bridge,2024-07-31 16:53:00,2024-07-31 17:44:00,5.43,28,Lambeth,Southwark,51.0
2024-12-04,TFL-J-439420,Tube,Waterloo,Kings Cross,2024-12-04 07:23:00,2024-12-04 08:05:00,5.08,4,Lambeth,Camden,42.0
2024-11-18,TFL-J-724528,Tube,London Bridge,Waterloo,2024-11-18 09:13:00,2024-11-18 09:52:00,2.92,2,Southwark,Lambeth,39.0
2024-01-31,TFL-J-773931,Tube,Waterloo,Canary Wharf,2024-01-31 15:41:00,2024-01-31 16:10:00,4.19,3,Lambeth,Tower Hamlets,29.0
2024-10-12,TFL-J-298227,Tube,Liverpool Street,Victoria,2024-10-12 18:40:00,2024-10-12 19:14:00,12.35,0,City of London,Westminster,34.0
2024-04-06,TFL-J-845193,Tube,Victoria,London Bridge,2024-04-06 23:26:00,2024-04-07 00:08:00,3.34,10,Westminster,Southwark,42.0
2024-05-29,TFL-J-329003,Tube,Kings Cross,Canary Wharf,2024-05-29 18:59:00,2024-05-29 19:25:00,3.61,0,Camden,Tower Hamlets,26.0
2024-06-09,TFL-J-142025,Tube,Euston,London Bridge,2024-06-09 07:53:00,2024-06-09 08:30:00,4.79,14,Camden,Southwark,37.0
2024-10-09,TFL-J-546506,Tube,Bank,Stratford,2024-10-09 08:45:00,2024-10-09 09:27:00,6.88,5,City of London,Newham,42.0
2024-04-10,TFL-J-746486,Bus,Bank,Paddington,2024-04-10 18:20:00,2024-04-10 18:51:00,1.75,0,City of London,Westminster,31.0
2024-03-12,TFL-J-784374,Bus,Liverpool Street,Canary Wharf,2024-03-12 07:00:00,2024-03-12 07:25:00,1.75,3,City of London,Tower Hamlets,25.0
2024-06-07,TFL-J-324339,Bus,Kings Cross,Paddington,2024-06-07 21:52:00,2024-06-07 22:24:00,1.75,0,Camden,Westminster,32.0
2024-05-29,TFL-J-378425,Tube,Paddington,Bank,2024-05-29 17:08:00,2024-05-29 17:57:00,4.9,11,Westminster,City of London,49.0
2024-09-03,TFL-J-547477,Tube,Stratford,Liverpool Street,2024-09-03 16:31:00,2024-09-03 16:57:00,4.98,4,Newham,City of London,26.0
2024-04-21,TFL-J-462142,Tube,Victoria,Kings Cross,2024-04-21 07:08:00,2024-04-21 07:37:00,4.4,1,Westminster,Camden,29.0
2024-09-22,TFL-J-585199,Tube,Waterloo,London Bridge,2024-09-22 07:56:00,2024-09-22 08:27:00,3.48,1,Lambeth,Southwark,31.0
2024-06-15,TFL-J-302404,Bus,Waterloo,Canary Wharf,2024-06-15 07:00:00,2024-06-15 08:01:00,1.75,33,Lambeth,Tower Hamlets,61.0
2024-06-17,TFL-J-410153,Bus,Waterloo,Euston,2024-06-17 21:36:00,2024-06-17 21:53:00,1.75,2,Lambeth,Camden,17.0
2024-02-14,TFL-J-689603,Bus,Canary Wharf,Bank,2024-02-14 18:31:00,2024-02-14 18:58:00,1.75,12,Tower Hamlets,City of London,27.0
2024-12-18,TFL-J-449263,Bus,Liverpool Street,Euston,2024-12-18 07:39:00,2024-12-18 08:25:00,1.75,5,City of London,Camden,46.0
2024-12-05,TFL-J-466232,Overground,Victoria,Paddington,2024-12-05 23:24:00,2024-12-05 23:46:00,4.97,5,Westminster,Westminster,22.0
2024-05-17,TFL-J-791774,Bus,Victoria,Paddington,2024-05-17 10:00:00,2024-05-17 10:39:00,1.75,3,Westminster,Westminster,39.0
2024-05-30,TFL-J-527003,Tube,Waterloo,London Bridge,2024-05-30 16:14:00,2024-05-30 17:05:00,3.88,24,Lambeth,Southwark,51.0
2024-06-06,TFL-J-197956,Tube,Stratford,Paddington,2024-06-06 17:23:00,2024-06-06 17:52:00,4.04,4,Newham,Westminster,29.0
2024-03-23,TFL-J-492932,Bus,Paddington,Kings Cross,2024-03-23 08:42:00,2024-03-23 09:48:00,1.75,35,Westminster,Camden,66.0
2024-02-03,TFL-J-167513,Bus,Stratford,Victoria,2024-02-03 07:06:00,2024-02-03 07:52:00,1.75,9,Newham,Westminster,46.0
2024-11-03,TFL-J-582247,Tube,Euston,Canary Wharf,2024-11-03 07:47:00,2024-11-03 08:35:00,4.88,31,Camden,Tower Hamlets,48.0
2024-08-10,TFL-J-158539,Bus,Liverpool Street,London Bridge,2024-08-10 22:34:00,2024-08-10 23:06:00,1.75,0,City of London,Southwark,32.0
2024-12-19,TFL-J-320302,Tube,Waterloo,London Bridge,2024-12-19 20:35:00,2024-12-19 21:17:00,5.49,0,Lambeth,Southwark,42.0
2024-09-13,TFL-J-282702,Bus,London Bridge,Waterloo,2024-09-13 18:09:00,2024-09-13 18:45:00,1.75,7,Southwark,Lambeth,36.0
2024-05-23,TFL-J-921186,Tube,Stratford,Waterloo,2024-05-23 17:33:00,2024-05-23 18:30:00,3.57,16,Newham,Lambeth,57.0
2024-11-22,TFL-J-882718,Tube,Bank,Paddington,2024-11-22 10:45:00,2024-11-22 11:26:00,5.41,6,City of London,Westminster,41.0
2024-09-23,TFL-J-981673,Tube,Paddington,Canary Wharf,2024-09-23 16:52:00,2024-09-23 17:33:00,5.05,0,Westminster,Tower Hamlets,41.0
2024-10-19,TFL-J-623346,Tube,Bank,Euston,2024-10-19 16:54:00,2024-10-19 17:26:00,4.08,6,City of London,Camden,32.0
2024-09-27,TFL-J-872311,Bus,Paddington,Victoria,2024-09-27 08:00:00,2024-09-27 08:35:00,1.75,13,Westminster,Westminster,35.0
2024-11-07,TFL-J-558671,Tube,Victoria,Canary Wharf,2024-11-07 19:18:00,2024-11-07 19:43:00,4.5,1,Westminster,Tower Hamlets,25.0
2024-09-23,TFL-J-312239,Bus,Victoria,Euston,2024-09-23 21:45:00,2024-09-23 22:12:00,1.75,0,Westminster,Camden,27.0
2024-06-04,TFL-J-257735,Overground,Waterloo,Bank,2024-06-04 08:49:00,2024-06-04 09:29:00,4.22,20,Lambeth,City of London,40.0
2024-06-24,TFL-J-292505,Tube,Stratford,Canary Wharf,2024-06-24 09:20:00,2024-06-24 10:03:00,4.76,3,Newham,Tower Hamlets,43.0
2024-08-26,TFL-J-291934,Bus,Liverpool Street,Paddington,2024-08-26 18:24:00,2024-08-26 19:14:00,1.75,7,City of London,Westminster,50.0
2024-09-06,TFL-J-633741,Tube,Euston,Paddington,2024-09-06 08:02:00,2024-09-06 08:47:00,5.28,1,Camden,Westminster,45.0
2024-02-07,TFL-J-934295,Tube,Liverpool Street,Paddington,2024-02-07 08:34:00,2024-02-07 08:59:00,5.37,6,City of London,Westminster,25.0
2024-12-12,TFL-J-713047,Tube,Canary Wharf,Kings Cross,2024-12-12 07:49:00,2024-12-12 09:20:00,2.96,61,Tower Hamlets,Camden,91.0
2024-08-07,TFL-J-671019,Overground,Victoria,Kings Cross,2024-08-07 17:53:00,2024-08-07 18:42:00,3.65,30,Westminster,Camden,49.0
2024-11-06,TFL-J-670486,Tube,London Bridge,Victoria,2024-11-06 08:00:00,2024-11-06 08:23:00,3.04,2,Southwark,Westminster,23.0
2024-02-11,TFL-J-730556,Tube,Bank,Waterloo,2024-02-11 10:13:00,2024-02-11 10:36:00,3.09,1,City of London,Lambeth,23.0
2024-01-30,TFL-J-904669,Tube,Waterloo,Stratford,2024-01-30 09:45:00,2024-01-30 10:39:00,3.75,10,Lambeth,Newham,54.0
2024-05-12,TFL-J-293431,Bus,Kings Cross,London Bridge,2024-05-12 18:03:00,2024-05-12 18:35:00,1.75,7,Camden,Southwark,32.0
2024-01-15,TFL-J-762807,Bus,Kings Cross,Waterloo,2024-01-15 18:01:00,2024-01-15 18:18:00,1.75,2,Camden,Lambeth,17.0
2024-12-08,TFL-J-240223,Tube,Euston,Liverpool Street,2024-12-08 21:27:00,2024-12-08 22:09:00,2.82,3,Camden,City of London,42.0
2024-03-23,TFL-J-326767,Tube,Bank,Canary Wharf,2024-03-23 18:30:00,2024-03-23 19:06:00,4.49,0,City of London,Tower Hamlets,36.0
2024-09-28,TFL-J-269691,Bus,Liverpool Street,Stratford,2024-09-28 14:20:00,2024-09-28 14:48:00,1.75,1,City of London,Newham,28.0
2024-05-20,TFL-J-626281,Bus,Stratford,Paddington,2024-05-20 16:30:00,2024-05-20 16:59:00,1.75,2,Newham,Westminster,29.0
2024-09-21,TFL-J-175210,Tube,Bank,Euston,2024-09-21 23:32:00,2024-09-22 00:15:00,3.57,1,City of London,Camden,43.0
2024-08-21,TFL-J-182267,Tube,Stratford,Waterloo,2024-08-21 18:37:00,2024-08-21 19:54:00,3.69,56,Newham,Lambeth,77.0
2024-10-21,TFL-J-262998,Bus,Liverpool Street,Euston,2024-10-21 09:55:00,2024-10-21 10:49:00,1.75,11,City of London,Camden,54.0
2024-11-10,TFL-J-882749,Tube,Waterloo,Paddington,2024-11-10 17:05:00,2024-11-10 17:49:00,5.5,8,Lambeth,Westminster,44.0
2024-10-17,TFL-J-898478,Tube,Euston,Waterloo,2024-10-17 08:45:00,2024-10-17 09:31:00,3.96,6,Camden,Lambeth,46.0
2024-05-12,TFL-J-513805,Bus,Victoria,Waterloo,2024-05-12 07:14:00,2024-05-12 07:41:00,1.75,8,Westminster,Lambeth,27.0
2024-06-03,TFL-J-111709,Tube,Paddington,Victoria,2024-06-03 08:45:00,2024-06-03 09:47:00,4.04,26,Westminster,Westminster,62.0
2024-03-19,TFL-J-683778,Bus,Canary Wharf,Kings Cross,2024-03-19 18:09:00,2024-03-19 19:07:00,1.75,24,Tower Hamlets,Camden,58.0
2024-12-17,TFL-J-233851,Tube,Kings Cross,Bank,2024-12-17 12:34:00,2024-12-17 13:16:00,3.66,1,Camden,City of London,42.0
2024-07-27,TFL-J-693157,Tube,Stratford,Waterloo,2024-07-27 13:24:00,2024-07-27 14:05:00,3.67,2,Newham,Lambeth,41.0
2024-12-08,TFL-J-323884,Bus,Victoria,Stratford,2024-12-08 23:10:00,2024-12-08 23:47:00,1.75,1,Westminster,Newham,37.0
2024-08-19,TFL-J-581544,Bus,Waterloo,Kings Cross,2024-08-19 07:16:00,2024-08-19 08:04:00,1.75,7,Lambeth,Camden,48.0
2024-12-23,TFL-J-293091,Overground,Victoria,Kings Cross,2024-12-23 16:00:00,2024-12-23 17:05:00,3.47,28,Westminster,Camden,65.0
2024-10-10,TFL-J-812467,Tube,Stratford,Waterloo,2024-10-10 16:38:00,2024-10-10 17:02:00,3.21,1,Newham,Lambeth,24.0
2024-06-27,TFL-J-717840,Bus,Paddington,London Bridge,2024-06-27 07:55:00,2024-06-27 08:35:00,1.75,2,Westminster,Southwark,40.0
2024-01-20,TFL-J-796997,Bus,Kings Cross,Waterloo,2024-01-20 08:56:00,2024-01-20 09:31:00,1.75,3,Camden,Lambeth,35.0
2024-05-29,TFL-J-659375,Bus,Waterloo,Stratford,2024-05-29 18:08:00,2024-05-29 18:55:00,1.75,8,Lambeth,Newham,47.0
2024-12-03,TFL-J-448315,Bus,Liverpool Street,Kings Cross,2024-12-03 09:46:00,2024-12-03 10:18:00,1.75,2,City of London,Camden,32.0
2024-05-25,TFL-J-497935,Tube,Euston,Victoria,2024-05-25 15:35:00,2024-05-25 16:16:00,4.82,2,Camden,Westminster,41.0
2024-01-10,TFL-J-703018,Tube,Stratford,Kings Cross,2024-01-10 08:22:00,2024-01-10 08:55:00,5.07,4,Newham,Camden,33.0
2024-04-21,TFL-J-809852,Tube,Euston,Liverpool Street,2024-04-21 23:20:00,2024-04-21 23:44:00,4.11,0,Camden,City of London,24.0
2024-05-20,TFL-J-886341,Bus,Canary Wharf,Victoria,2024-05-20 20:03:00,2024-05-20 20:36:00,1.75,4,Tower Hamlets,Westminster,33.0
2024-09-18,TFL-J-525280,Overground,Paddington,Bank,2024-09-18 17:06:00,2024-09-18 17:44:00,4.93,1,Westminster,City of London,38.0
2024-07-14,TFL-J-384360,Bus,Canary Wharf,Liverpool Street,2024-07-14 07:58:00,2024-07-14 08:53:00,1.75,14,Tower Hamlets,City of London,55.0
2024-08-06,TFL-J-168859,Tube,Euston,Stratford,2024-08-06 09:27:00,2024-08-06 09:57:00,4.49,13,Camden,Newham,30.0
2024-05-17,TFL-J-824155,Tube,Victoria,Waterloo,2024-05-17 08:10:00,2024-05-17 08:38:00,4.13,2,Westminster,Lambeth,28.0
2024-02-28,TFL-J-445036,Tube,Canary Wharf,Victoria,2024-02-28 09:31:00,2024-02-28 10:07:00,4.23,4,Tower Hamlets,Westminster,36.0
2024-07-07,TFL-J-744557,Bus,Kings Cross,Paddington,2024-07-07 15:13:00,2024-07-07 15:34:00,1.75,0,Camden,Westminster,21.0
2024-03-09,TFL-J-599179,Overground,Stratford,Waterloo,2024-03-09 16:59:00,2024-03-09 17:22:00,3.3,5,Newham,Lambeth,23.0
2024-04-08,TFL-J-592615,Tube,Waterloo,Canary Wharf,2024-04-08 19:32:00,2024-04-08 20:11:00,5.36,1,Lambeth,Tower Hamlets,39.0
2024-01-03,TFL-J-635611,Tube,Stratford,Canary Wharf,2024-01-03 22:14:00,2024-01-03 22:38:00,2.94,5,Newham,Tower Hamlets,24.0
2024-09-19,TFL-J-980535,Tube,Liverpool Street,Canary Wharf,2024-09-19 08:56:00,2024-09-19 09:33:00,4.92,10,City of London,Tower Hamlets,37.0
2024-05-17,TFL-J-758704,Tube,Paddington,Kings Cross,2024-05-17 11:11:00,2024-05-17 11:39:00,3.73,1,Westminster,Camden,28.0
2024-07-04,TFL-J-882657,Tube,Victoria,London Bridge,2024-07-04 14:13:00,2024-07-04 14:51:00,2.93,0,Westminster,Southwark,38.0
2024-03-20,TFL-J-740055,Overground,Euston,London Bridge,2024-03-20 16:50:00,2024-03-20 17:35:00,3.84,14,Camden,Southwark,45.0
2024-05-03,TFL-J-553558,Tube,Kings Cross,Canary Wharf,2024-05-03 16:42:00,2024-05-03 17:03:00,5.43,4,Camden,Tower Hamlets,21.0
2024-09-15,TFL-J-785378,Tube,Canary Wharf,Paddington,2024-09-15 18:06:00,2024-09-15 18:12:00,9.4,1,Tower Hamlets,Westminster,6.0
2024-12-03,TFL-J-404339,Tube,Canary Wharf,Kings Cross,2024-12-03 10:06:00,2024-12-03 10:47:00,2.91,1,Tower Hamlets,Camden,41.0
2024-12-11,TFL-J-318893,Tube,Paddington,Bank,2024-12-11 23:22:00,2024-12-12 00:02:00,4.33,1,Westminster,City of London,40.0
2024-01-12,TFL-J-912787,Tube,Victoria,Paddington,2024-01-12 09:58:00,2024-01-12 10:21:00,5.45,7,Westminster,Westminster,23.0
2024-09-18,TFL-J-594195,Tube,Victoria,Paddington,2024-09-18 14:10:00,2024-09-18 14:50:00,4.43,4,Westminster,Westminster,40.0
2024-04-26,TFL-J-839611,Tube,Euston,Canary Wharf,2024-04-26 11:31:00,2024-04-26 11:51:00,3.46,0,Camden,Tower Hamlets,20.0
2024-06-30,TFL-J-338649,Tube,Paddington,London Bridge,2024-06-30 13:26:00,2024-06-30 14:16:00,4.06,5,Westminster,Southwark,50.0
2024-11-02,TFL-J-269017,Tube,Kings Cross,Euston,2024-11-02 09:51:00,2024-11-02 10:31:00,4.96,2,Camden,Camden,40.0
2024-01-25,TFL-J-433537,Tube,Euston,Liverpool Street,2024-01-25 08:20:00,2024-01-25 09:00:00,3.91,2,Camden,City of London,40.0
2024-01-04,TFL-J-401942,Bus,Victoria,Bank,2024-01-04 08:15:00,2024-01-04 08:50:00,1.75,12,Westminster,City of London,35.0
2024-06-02,TFL-J-576138,Tube,Euston,London Bridge,2024-06-02 16:03:00,2024-06-02 16:23:00,5.49,5,Camden,Southwark,20.0
2024-06-21,TFL-J-716914,Tube,Bank,Euston,2024-06-21 09:42:00,2024-06-21 10:10:00,3.92,11,City of London,Camden,28.0
2024-12-13,TFL-J-468388,Tube,Stratford,London Bridge,2024-12-13 09:31:00,2024-12-13 10:15:00,4.65,4,Newham,Southwark,44.0
2024-01-15,TFL-J-520899,Tube,Liverpool Street,Bank,2024-01-15 08:01:00,2024-01-15 09:05:00,4.19,34,City of London,City of London,64.0
2024-11-05,TFL-J-464784,Bus,Stratford,London Bridge,2024-11-05 08:36:00,2024-11-05 09:32:00,1.75,15,Newham,Southwark,56.0
2024-07-19,TFL-J-223890,Tube,Kings Cross,Euston,2024-07-19 07:56:00,2024-07-19 08:56:00,3.34,27,Camden,Camden,60.0
2024-03-25,TFL-J-558051,Tube,Euston,Liverpool Street,2024-03-25 17:30:00,2024-03-25 18:17:00,3.38,2,Camden,City of London,47.0
2024-10-13,TFL-J-448136,Bus,Liverpool Street,Waterloo,2024-10-13 09:09:00,2024-10-13 09:30:00,1.75,6,City of London,Lambeth,21.0
2024-03-17,TFL-J-658511,Tube,Paddington,Kings Cross,2024-03-17 13:05:00,2024-03-17 13:23:00,5.34,0,Westminster,Camden,18.0
2024-11-09,TFL-J-551254,Overground,Waterloo,Paddington,2024-11-09 08:11:00,2024-11-09 09:05:00,3.77,14,Lambeth,Westminster,54.0
2024-10-05,TFL-J-278003,Bus,Waterloo,Victoria,2024-10-05 12:55:00,2024-10-05 13:17:00,1.75,0,Lambeth,Westminster,22.0
2024-04-15,TFL-J-296221,Bus,Bank,Stratford,2024-04-15 08:58:00,2024-04-15 09:33:00,1.75,3,City of London,Newham,35.0
2024-06-19,TFL-J-958356,Tube,Waterloo,Euston,2024-06-19 08:31:00,2024-06-19 08:49:00,5.18,0,Lambeth,Camden,18.0
2024-04-28,TFL-J-361015,Bus,Paddington,London Bridge,2024-04-28 09:57:00,2024-04-28 10:29:00,1.75,0,Westminster,Southwark,32.0
2024-01-21,TFL-J-135796,Tube,Stratford,Euston,2024-01-21 08:36:00,2024-01-21 09:23:00,2.92,4,Newham,Camden,47.0
2024-12-23,TFL-J-271872,Tube,Waterloo,Bank,2024-12-23 15:10:00,2024-12-23 15:41:00,3.57,1,Lambeth,City of London,31.0
2024-07-07,TFL-J-171839,Tube,Victoria,Stratford,2024-07-07 09:47:00,2024-07-07 10:31:00,3.3,10,Westminster,Newham,44.0
2024-02-13,TFL-J-171802,Tube,Canary Wharf,Victoria,2024-02-13 08:07:00,2024-02-13 08:51:00,4.35,2,Tower Hamlets,Westminster,44.0
2024-09-19,TFL-J-952842,Bus,Victoria,London Bridge,2024-09-19 08:19:00,2024-09-19 08:49:00,1.75,9,Westminster,Southwark,30.0
2024-06-07,TFL-J-272177,Bus,Victoria,Euston,2024-06-07 07:04:00,2024-06-07 07:57:00,1.75,23,Westminster,Camden,53.0
2024-06-12,TFL-J-711925,Tube,Stratford,Canary Wharf,2024-06-12 15:52:00,2024-06-12 16:35:00,4.79,1,Newham,Tower Hamlets,43.0
2024-05-02,TFL-J-750383,Tube,Euston,Paddington,2024-05-02 08:46:00,2024-05-02 09:34:00,5.36,13,Camden,Westminster,48.0
2024-05-11,TFL-J-596746,Tube,Bank,Victoria,2024-05-11 12:28:00,2024-05-11 13:09:00,4.58,5,City of London,Westminster,41.0
2024-04-29,TFL-J-171516,Overground,Euston,Kings Cross,2024-04-29 18:52:00,2024-04-29 19:22:00,3.18,3,Camden,Camden,30.0
2024-09-19,TFL-J-921625,Bus,Euston,Bank,2024-09-19 07:53:00,2024-09-19 08:59:00,1.75,29,Camden,City of London,66.0
2024-05-27,TFL-J-122173,Tube,Stratford,Victoria,2024-05-27 20:39:00,2024-05-27 20:57:00,5.36,1,Newham,Westminster,18.0
2024-10-23,TFL-J-144056,Tube,Liverpool Street,London Bridge,2024-10-23 20:21:00,2024-10-23 20:58:00,3.61,0,City of London,Southwark,37.0
2024-01-11,TFL-J-196564,Tube,Canary Wharf,Kings Cross,2024-01-11 22:40:00,2024-01-11 23:20:00,4.07,1,Tower Hamlets,Camden,40.0
2024-05-02,TFL-J-964936,Overground,Bank,Victoria,2024-05-02 09:01:00,2024-05-02 09:48:00,4.47,13,City of London,Westminster,47.0
2024-01-07,TFL-J-864561,Overground,Euston,Victoria,2024-01-07 17:35:00,2024-01-07 18:24:00,3.9,23,Camden,Westminster,49.0
2024-06-22,TFL-J-224609,Tube,Paddington,London Bridge,2024-06-22 17:39:00,2024-06-22 18:07:00,4.11,4,Westminster,Southwark,28.0
2024-11-09,TFL-J-548787,Overground,Stratford,Waterloo,2024-11-09 16:32:00,2024-11-09 17:12:00,4.55,10,Newham,Lambeth,40.0
2024-05-08,TFL-J-927279,Tube,Bank,London Bridge,2024-05-08 07:59:00,2024-05-08 08:26:00,4.89,4,City of London,Southwark,27.0
2024-11-10,TFL-J-361116,Bus,Euston,Canary Wharf,2024-11-10 07:12:00,2024-11-10 07:48:00,1.75,1,Camden,Tower Hamlets,36.0
2024-03-30,TFL-J-207311,Overground,Liverpool Street,Canary Wharf,2024-03-30 19:17:00,2024-03-30 19:35:00,4.12,2,City of London,Tower Hamlets,18.0
2024-05-07,TFL-J-524320,Overground,Euston,Victoria,2024-05-07 17:30:00,2024-05-07 18:02:00,3.55,8,Camden,Westminster,32.0
2024-01-11,TFL-J-817585,Overground,London Bridge,Euston,2024-01-11 11:59:00,2024-01-11 12:58:00,4.3,14,Southwark,Camden,59.0
2024-08-30,TFL-J-866380,Bus,Kings Cross,Victoria,2024-08-30 10:00:00,2024-08-30 10:37:00,1.75,3,Camden,Westminster,37.0
2024-06-11,TFL-J-852702,Tube,Liverpool Street,Canary Wharf,2024-06-11 18:24:00,2024-06-11 18:42:00,4.38,0,City of London,Tower Hamlets,18.0
2024-10-04,TFL-J-237218,Tube,Canary Wharf,Stratford,2024-10-04 09:31:00,2024-10-04 10:25:00,4.21,10,Tower Hamlets,Newham,54.0
2024-05-04,TFL-J-809668,Tube,Victoria,London Bridge,2024-05-04 23:47:00,2024-05-05 00:31:00,4.03,0,Westminster,Southwark,44.0
2024-02-13,TFL-J-991423,Tube,Victoria,Liverpool Street,2024-02-13 17:56:00,2024-02-13 18:28:00,3.34,11,Westminster,City of London,32.0
2024-06-29,TFL-J-268446,Overground,Kings Cross,Liverpool Street,2024-06-29 07:12:00,2024-06-29 08:03:00,9.25,8,Camden,City of London,51.0
2024-01-28,TFL-J-797422,Bus,Liverpool Street,Victoria,2024-01-28 07:54:00,2024-01-28 08:50:00,1.75,23,City of London,Westminster,56.0
2024-12-10,TFL-J-827420,Overground,London Bridge,Victoria,2024-12-10 14:42:00,2024-12-10 15:21:00,3.66,0,Southwark,Westminster,39.0
2024-10-23,TFL-J-628511,Bus,Bank,Canary Wharf,2024-10-23 08:07:00,2024-10-23 08:53:00,1.75,2,City of London,Tower Hamlets,46.0
2024-12-25,TFL-J-691079,Tube,London Bridge,Canary Wharf,2024-12-25 18:06:00,2024-12-25 18:48:00,3.13,21,Southwark,Tower Hamlets,42.0
2024-06-08,TFL-J-410538,Tube,Waterloo,London Bridge,2024-06-08 08:00:00,2024-06-08 08:38:00,5.34,16,Lambeth,Southwark,38.0
2024-04-01,TFL-J-457323,Bus,Kings Cross,Waterloo,2024-04-01 17:53:00,2024-04-01 18:42:00,1.75,23,Camden,Lambeth,49.0
2024-07-27,TFL-J-711947,Overground,Waterloo,Euston,2024-07-27 07:55:00,2024-07-27 08:38:00,5.33,17,Lambeth,Camden,43.0
2024-06-21,TFL-J-973018,Tube,Kings Cross,Euston,2024-06-21 18:23:00,2024-06-21 19:03:00,5.37,15,Camden,Camden,40.0
2024-11-10,TFL-J-492509,Bus,Victoria,Bank,2024-11-10 10:06:00,2024-11-10 10:23:00,1.75,2,Westminster,City of London,17.0
2024-05-12,TFL-J-687216,Bus,London Bridge,Bank,2024-05-12 17:41:00,2024-05-12 18:24:00,1.75,25,Southwark,City of London,43.0
2024-05-24,TFL-J-627612,Tube,Paddington,Kings Cross,2024-05-24 11:05:00,2024-05-24 11:43:00,3.79,4,Westminster,Camden,38.0
2024-07-14,TFL-J-868597,Bus,Paddington,Euston,2024-07-14 09:13:00,2024-07-14 09:56:00,1.75,0,Westminster,Camden,43.0
2024-03-13,TFL-J-839086,Tube,Bank,Waterloo,2024-03-13 17:28:00,2024-03-13 17:54:00,5.42,8,City of London,Lambeth,26.0
2024-06-12,TFL-J-738531,Overground,Paddington,Waterloo,2024-06-12 09:54:00,2024-06-12 10:46:00,3.61,13,Westminster,Lambeth,52.0
2024-10-22,TFL-J-344617,Tube,Euston,Waterloo,2024-10-22 07:28:00,2024-10-22 08:16:00,4.78,21,Camden,Lambeth,48.0
2024-10-15,TFL-J-850368,Tube,Victoria,Canary Wharf,2024-10-15 09:37:00,2024-10-15 10:23:00,3.8,10,Westminster,Tower Hamlets,46.0
2024-10-28,TFL-J-175839,Bus,London Bridge,Paddington,2024-10-28 08:33:00,2024-10-28 09:45:00,1.75,39,Southwark,Westminster,72.0
2024-04-16,TFL-J-983884,Tube,Liverpool Street,Paddington,2024-04-16 18:32:00,2024-04-16 19:23:00,3.18,31,City of London,Westminster,51.0
2024-01-26,TFL-J-985701,Bus,Kings Cross,Waterloo,2024-01-26 09:47:00,2024-01-26 10:29:00,1.75,9,Camden,Lambeth,42.0
2024-11-02,TFL-J-601098,Tube,Canary Wharf,Euston,2024-11-02 13:42:00,2024-11-02 14:20:00,5.36,2,Tower Hamlets,Camden,38.0
2024-09-18,TFL-J-140814,Tube,Canary Wharf,London Bridge,2024-09-18 18:57:00,2024-09-18 19:48:00,4.76,20,Tower Hamlets,Southwark,51.0
2024-09-23,TFL-J-741584,Tube,Bank,Victoria,2024-09-23 16:22:00,2024-09-23 17:02:00,4.78,2,City of London,Westminster,40.0
2024-09-08,TFL-J-667451,Bus,Waterloo,Liverpool Street,2024-09-08 07:38:00,2024-09-08 08:51:00,1.75,46,Lambeth,City of London,73.0
2024-08-25,TFL-J-208846,Bus,Canary Wharf,Liverpool Street,2024-08-25 11:47:00,2024-08-25 12:20:00,1.75,4,Tower Hamlets,City of London,33.0
2024-01-09,TFL-J-116506,Tube,Waterloo,Liverpool Street,2024-01-09 23:48:00,2024-01-10 00:11:00,5.24,2,Lambeth,City of London,23.0
2024-11-06,TFL-J-582527,Bus,Victoria,Liverpool Street,2024-11-06 09:43:00,2024-11-06 10:25:00,1.75,13,Westminster,City of London,42.0
2024-08-28,TFL-J-485570,Tube,London Bridge,Paddington,2024-08-28 16:20:00,2024-08-28 16:48:00,4.1,0,Southwark,Westminster,28.0
2024-03-17,TFL-J-135833,Overground,Stratford,Bank,2024-03-17 18:55:00,2024-03-17 19:31:00,4.89,1,Newham,City of London,36.0
2024-11-23,TFL-J-192638,Tube,Stratford,Waterloo,2024-11-23 15:03:00,2024-11-23 15:28:00,4.49,2,Newham,Lambeth,25.0
2024-10-22,TFL-J-921714,Tube,Stratford,London Bridge,2024-10-22 20:13:00,2024-10-22 21:00:00,4.87,3,Newham,Southwark,47.0
2024-11-14,TFL-J-622187,Tube,Kings Cross,Bank,2024-11-14 07:07:00,2024-11-14 07:56:00,3.76,8,Camden,City of London,49.0
2024-06-16,TFL-J-776622,Tube,Paddington,Liverpool Street,2024-06-16 18:42:00,2024-06-16 19:22:00,2.85,6,Westminster,City of London,40.0
2024-06-25,TFL-J-722253,Bus,Euston,Victoria,2024-06-25 07:39:00,2024-06-25 08:29:00,1.75,13,Camden,Westminster,50.0
2024-12-07,TFL-J-723279,Tube,Paddington,Victoria,2024-12-07 07:32:00,2024-12-07 08:31:00,3.06,17,Westminster,Westminster,59.0
2024-05-18,TFL-J-968249,Tube,Stratford,Bank,2024-05-18 16:42:00,2024-05-18 18:06:00,5.3,43,Newham,City of London,84.0
2024-03-30,TFL-J-616529,Tube,Victoria,Waterloo,2024-03-30 07:48:00,2024-03-30 08:35:00,4.36,7,Westminster,Lambeth,47.0
2024-04-12,TFL-J-459019,Bus,Euston,Paddington,2024-04-12 19:09:00,2024-04-12 19:36:00,1.75,2,Camden,Westminster,27.0
2024-10-30,TFL-J-690072,Bus,London Bridge,Euston,2024-10-30 08:27:00,2024-10-30 09:07:00,1.75,3,Southwark,Camden,40.0
2024-08-16,TFL-J-998291,Tube,Kings Cross,Waterloo,2024-08-16 09:50:00,2024-08-16 10:11:00,3.47,1,Camden,Lambeth,21.0
2024-01-23,TFL-J-768234,Bus,Liverpool Street,Waterloo,2024-01-23 19:53:00,2024-01-23 20:11:00,1.75,1,City of London,Lambeth,18.0
2024-06-06,TFL-J-713850,Bus,Stratford,Waterloo,2024-06-06 10:14:00,2024-06-06 10:31:00,1.75,1,Newham,Lambeth,17.0
2024-11-27,TFL-J-799092,Bus,Bank,Paddington,2024-11-27 11:26:00,2024-11-27 12:09:00,1.75,6,City of London,Westminster,43.0
2024-12-01,TFL-J-399016,Bus,Canary Wharf,Stratford,2024-12-01 09:48:00,2024-12-01 11:00:00,1.75,54,Tower Hamlets,Newham,72.0
2024-12-22,TFL-J-684411,Bus,Bank,Canary Wharf,2024-12-22 09:45:00,2024-12-22 10:11:00,1.75,5,City of London,Tower Hamlets,26.0
2024-06-03,TFL-J-785149,Tube,Paddington,London Bridge,2024-06-03 18:27:00,2024-06-03 18:46:00,2.86,0,Westminster,Southwark,19.0
2024-09-06,TFL-J-823859,Overground,Canary Wharf,Stratford,2024-09-06 18:58:00,2024-09-06 20:03:00,3.36,48,Tower Hamlets,Newham,65.0
2024-12-22,TFL-J-439524,Tube,Kings Cross,Stratford,2024-12-22 16:20:00,2024-12-22 17:15:00,3.32,33,Camden,Newham,55.0
2024-05-19,TFL-J-901650,Tube,Victoria,Kings Cross,2024-05-19 17:36:00,2024-05-19 18:38:00,3.32,42,Westminster,Camden,62.0
2024-10-19,TFL-J-282943,Tube,London Bridge,Victoria,2024-10-19 18:18:00,2024-10-19 18:57:00,7.44,0,Southwark,Westminster,39.0
2024-10-26,TFL-J-398844,Tube,Waterloo,Bank,2024-10-26 09:52:00,2024-10-26 10:48:00,5.42,21,Lambeth,City of London,56.0
2024-01-12,TFL-J-105054,Tube,Bank,Waterloo,2024-01-12 07:04:00,2024-01-12 07:50:00,2.92,11,City of London,Lambeth,46.0
2024-09-24,TFL-J-611106,Tube,Euston,London Bridge,2024-09-24 07:09:00,2024-09-24 07:35:00,3.85,7,Camden,Southwark,26.0
2024-01-07,TFL-J-761440,Bus,Kings Cross,Bank,2024-01-07 09:12:00,2024-01-07 09:40:00,1.75,0,Camden,City of London,28.0
2024-06-28,TFL-J-131904,Tube,London Bridge,Paddington,2024-06-28 17:20:00,2024-06-28 17:54:00,3.44,6,Southwark,Westminster,34.0
2024-08-26,TFL-J-614157,Bus,Kings Cross,Canary Wharf,2024-08-26 21:33:00,2024-08-26 22:17:00,1.75,4,Camden,Tower Hamlets,44.0
2024-07-05,TFL-J-100405,Bus,Waterloo,Canary Wharf,2024-07-05 18:34:00,2024-07-05 19:21:00,1.75,5,Lambeth,Tower Hamlets,47.0
2024-05-24,TFL-J-655643,Tube,Canary Wharf,Waterloo,2024-05-24 21:55:00,2024-05-24 22:34:00,4.25,5,Tower Hamlets,Lambeth,39.0
2024-07-18,TFL-J-423527,Tube,Victoria,Paddington,2024-07-18 18:08:00,2024-07-18 19:26:00,3.04,44,Westminster,Westminster,78.0
2024-02-02,TFL-J-614915,Tube,Euston,Stratford,2024-02-02 07:46:00,2024-02-02 08:31:00,3.45,5,Camden,Newham,45.0
2024-02-01,TFL-J-207014,Tube,Euston,Waterloo,2024-02-01 18:16:00,2024-02-01 19:09:00,4.59,9,Camden,Lambeth,53.0
2024-09-01,TFL-J-566378,Tube,Victoria,Paddington,2024-09-01 16:00:00,2024-09-01 16:08:00,9.4,30,Westminster,Westminster,8.0
2024-02-10,TFL-J-215112,Bus,Victoria,Waterloo,2024-02-10 09:08:00,2024-02-10 09:44:00,1.75,18,Westminster,Lambeth,36.0
2024-04-22,TFL-J-978240,Tube,Waterloo,Stratford,2024-04-22 08:04:00,2024-04-22 08:50:00,4.54,5,Lambeth,Newham,46.0
2024-10-19,TFL-J-433869,Tube,Kings Cross,London Bridge,2024-10-19 17:25:00,2024-10-19 18:17:00,5.42,34,Camden,Southwark,52.0
2024-08-26,TFL-J-230820,Tube,Stratford,Kings Cross,2024-08-26 11:30:00,2024-08-26 11:55:00,3.16,4,Newham,Camden,25.0
2024-11-27,TFL-J-306583,Bus,Stratford,Victoria,2024-11-27 17:12:00,2024-11-27 17:54:00,1.75,13,Newham,Westminster,42.0
2024-06-10,TFL-J-582083,Bus,Euston,Bank,2024-06-10 07:56:00,2024-06-10 08:23:00,1.75,3,Camden,City of London,27.0
2024-04-12,TFL-J-194312,Tube,Victoria,Liverpool Street,2024-04-12 08:43:00,2024-04-12 09:18:00,4.2,4,Westminster,City of London,35.0
2024-12-02,TFL-J-288599,Tube,Stratford,Canary Wharf,2024-12-02 16:32:00,2024-12-02 17:33:00,3.14,31,Newham,Tower Hamlets,61.0
2024-01-29,TFL-J-766272,Tube,Victoria,Euston,2024-01-29 19:15:00,2024-01-29 19:55:00,3.18,6,Westminster,Camden,40.0
2024-07-20,TFL-J-390834,Tube,Bank,London Bridge,2024-07-20 14:19:00,2024-07-20 14:57:00,4.53,0,City of London,Southwark,38.0
2024-04-05,TFL-J-725137,Tube,London Bridge,Victoria,2024-04-05 07:44:00,2024-04-05 08:22:00,4.55,6,Southwark,Westminster,38.0
